ISO-10303-21;
HEADER;
FILE_DESCRIPTION (( 'STEP AP203' ),
    '1' );
FILE_NAME ('×ÛºÏ¿ÎÉè ult pirÖ§¼Ü.STEP',
    '2025-04-24T04:19:48',
    ( '' ),
    ( '' ),
    'SwSTEP 2.0',
    'SolidWorks 2023',
    '' );
FILE_SCHEMA (( 'CONFIG_CONTROL_DESIGN' ));
ENDSEC;

DATA;
#1 = FACE_OUTER_BOUND ( 'NONE', #2243, .T. ) ;
#2 = CYLINDRICAL_SURFACE ( 'NONE', #2275, 1.250000000000007994 ) ;
#3 = DIRECTION ( 'NONE',  ( -0.000000000000000000, -1.000000000000000000, -0.000000000000000000 ) ) ;
#4 = ORIENTED_EDGE ( 'NONE', *, *, #2153, .F. ) ;
#5 = ADVANCED_FACE ( 'NONE', ( #512 ), #18, .T. ) ;
#6 = ORIENTED_EDGE ( 'NONE', *, *, #1751, .T. ) ;
#7 = DIRECTION ( 'NONE',  ( 1.000000000000000000, 0.000000000000000000, -5.337610695313257301E-16 ) ) ;
#8 = VECTOR ( 'NONE', #2239, 1000.000000000000000 ) ;
#9 = FACE_OUTER_BOUND ( 'NONE', #946, .T. ) ;
#10 = ORIENTED_EDGE ( 'NONE', *, *, #847, .T. ) ;
#11 = DIRECTION ( 'NONE',  ( -0.000000000000000000, -1.000000000000000000, -0.000000000000000000 ) ) ;
#12 = VECTOR ( 'NONE', #2862, 1000.000000000000000 ) ;
#13 = ORIENTED_EDGE ( 'NONE', *, *, #1794, .F. ) ;
#14 = CARTESIAN_POINT ( 'NONE',  ( 21.00000000000001776, 13.00000000000000178, 0.000000000000000000 ) ) ;
#15 = CARTESIAN_POINT ( 'NONE',  ( 49.80000000000002558, 5.000000000000000000, -36.75000000000000000 ) ) ;
#16 = DIRECTION ( 'NONE',  ( 1.000000000000000000, -0.000000000000000000, 0.000000000000000000 ) ) ;
#17 = AXIS2_PLACEMENT_3D ( 'NONE', #2308, #2726, #754 ) ;
#18 = PLANE ( 'NONE',  #2871 ) ;
#19 = VECTOR ( 'NONE', #2723, 1000.000000000000000 ) ;
#20 = VERTEX_POINT ( 'NONE', #1386 ) ;
#21 = DIRECTION ( 'NONE',  ( -0.000000000000000000, -1.000000000000000000, -0.000000000000000000 ) ) ;
#22 = DIRECTION ( 'NONE',  ( 0.000000000000000000, 1.000000000000000000, -0.000000000000000000 ) ) ;
#23 = DATE_AND_TIME ( #1993, #2575 ) ;
#24 = EDGE_CURVE ( 'NONE', #2504, #1509, #1404, .T. ) ;
#25 = ORIENTED_EDGE ( 'NONE', *, *, #1044, .F. ) ;
#26 = EDGE_CURVE ( 'NONE', #2502, #786, #2510, .T. ) ;
#27 = PLANE ( 'NONE',  #1974 ) ;
#28 = AXIS2_PLACEMENT_3D ( 'NONE', #2791, #1925, #2766 ) ;
#29 = ORIENTED_EDGE ( 'NONE', *, *, #24, .F. ) ;
#30 = EDGE_CURVE ( 'NONE', #595, #1565, #708, .T. ) ;
#31 = DIRECTION ( 'NONE',  ( 4.336808689942017736E-16, -1.734723475976807094E-15, 1.000000000000000000 ) ) ;
#32 = DIRECTION ( 'NONE',  ( 0.000000000000000000, 0.000000000000000000, -1.000000000000000000 ) ) ;
#33 = LINE ( 'NONE', #2680, #390 ) ;
#34 = LINE ( 'NONE', #432, #437 ) ;
#35 = DIRECTION ( 'NONE',  ( 1.000000000000000000, 0.000000000000000000, -0.000000000000000000 ) ) ;
#36 = LINE ( 'NONE', #2698, #1975 ) ;
#37 = EDGE_LOOP ( 'NONE', ( #29, #1309, #2174, #220 ) ) ;
#38 = DIRECTION ( 'NONE',  ( 0.000000000000000000, 0.000000000000000000, 1.000000000000000000 ) ) ;
#39 = DIRECTION ( 'NONE',  ( -1.000000000000000000, -9.860761315262647568E-32, 4.625929269271486900E-16 ) ) ;
#40 = CIRCLE ( 'NONE', #404, 3.999999999999998224 ) ;
#41 = ORIENTED_EDGE ( 'NONE', *, *, #2605, .F. ) ;
#42 = LINE ( 'NONE', #1996, #2409 ) ;
#43 = CIRCLE ( 'NONE', #2826, 2.250000000000001776 ) ;
#44 = EDGE_CURVE ( 'NONE', #1479, #645, #1594, .T. ) ;
#45 = EDGE_CURVE ( 'NONE', #516, #2558, #528, .T. ) ;
#46 = VERTEX_POINT ( 'NONE', #2467 ) ;
#47 = CARTESIAN_POINT ( 'NONE',  ( 8.999999999999996447, -41.66756419343499118, -8.675581557072765904 ) ) ;
#48 = CARTESIAN_POINT ( 'NONE',  ( 50.65000000000000568, 8.000000000000000000, -5.000000000000000000 ) ) ;
#49 = CARTESIAN_POINT ( 'NONE',  ( 49.80000000000001847, 5.000000000000000000, -55.50000000000000000 ) ) ;
#50 = DIRECTION ( 'NONE',  ( 0.000000000000000000, 1.000000000000000000, -0.000000000000000000 ) ) ;
#51 = ORIENTED_EDGE ( 'NONE', *, *, #2630, .F. ) ;
#52 = ORIENTED_EDGE ( 'NONE', *, *, #270, .F. ) ;
#53 = DIRECTION ( 'NONE',  ( 0.000000000000000000, 0.000000000000000000, 1.000000000000000000 ) ) ;
#54 = DIRECTION ( 'NONE',  ( 0.000000000000000000, 0.000000000000000000, -1.000000000000000000 ) ) ;
#55 = ORIENTED_EDGE ( 'NONE', *, *, #521, .T. ) ;
#56 = VERTEX_POINT ( 'NONE', #2478 ) ;
#57 = DIRECTION ( 'NONE',  ( -0.000000000000000000, -1.000000000000000000, -0.000000000000000000 ) ) ;
#58 = EDGE_CURVE ( 'NONE', #787, #413, #465, .T. ) ;
#59 = EDGE_CURVE ( 'NONE', #1956, #2015, #2036, .T. ) ;
#60 = CARTESIAN_POINT ( 'NONE',  ( 26.00000000000002132, 5.000000000000000000, -3.608224830031760334E-15 ) ) ;
#61 = DIRECTION ( 'NONE',  ( 1.000000000000000000, 0.000000000000000000, -5.337610695313257301E-16 ) ) ;
#62 = CARTESIAN_POINT ( 'NONE',  ( 69.00000000000000000, -41.66756419343499118, -8.675581557072799654 ) ) ;
#63 = DIRECTION ( 'NONE',  ( 0.000000000000000000, 1.000000000000000000, -0.000000000000000000 ) ) ;
#64 = EDGE_CURVE ( 'NONE', #2436, #366, #2053, .T. ) ;
#65 = ORIENTED_EDGE ( 'NONE', *, *, #2011, .F. ) ;
#66 = CARTESIAN_POINT ( 'NONE',  ( 28.50000000000001066, 5.000000000000000000, -0.000000000000000000 ) ) ;
#67 = ORIENTED_EDGE ( 'NONE', *, *, #58, .F. ) ;
#68 = CARTESIAN_POINT ( 'NONE',  ( 12.40000000000000924, 8.000000000000000000, -7.966878185967565045E-16 ) ) ;
#69 = ORIENTED_EDGE ( 'NONE', *, *, #2116, .T. ) ;
#70 = DIRECTION ( 'NONE',  ( 4.021955515684828887E-16, -0.7071067811865486830, 0.7071067811865464625 ) ) ;
#71 = ORIENTED_EDGE ( 'NONE', *, *, #1536, .F. ) ;
#72 = DIRECTION ( 'NONE',  ( 4.336808689942027104E-16, 0.000000000000000000, 1.000000000000000000 ) ) ;
#73 = CIRCLE ( 'NONE', #2033, 2.000000000000001776 ) ;
#74 = DIRECTION ( 'NONE',  ( 1.000000000000000000, 0.000000000000000000, -1.445602896647340396E-16 ) ) ;
#75 = CARTESIAN_POINT ( 'NONE',  ( 49.80000000000001847, 5.000000000000000000, -54.24999999999999289 ) ) ;
#76 = PLANE ( 'NONE',  #1321 ) ;
#77 = VERTEX_POINT ( 'NONE', #2794 ) ;
#78 = EDGE_CURVE ( 'NONE', #1359, #1389, #346, .T. ) ;
#79 = ORIENTED_EDGE ( 'NONE', *, *, #1574, .F. ) ;
#80 = CARTESIAN_POINT ( 'NONE',  ( 39.75000000000000711, 5.000000000000000000, -26.25000000000000355 ) ) ;
#81 = EDGE_CURVE ( 'NONE', #2029, #496, #2138, .T. ) ;
#82 = ORIENTED_EDGE ( 'NONE', *, *, #1751, .F. ) ;
#83 = MANIFOLD_SOLID_BREP ( 'Í¹Ì¨-À­Éì6', #881 ) ;
#84 = CARTESIAN_POINT ( 'NONE',  ( 49.80000000000001847, 0.000000000000000000, -55.50000000000000000 ) ) ;
#85 = VERTEX_POINT ( 'NONE', #2090 ) ;
#86 = LINE ( 'NONE', #735, #1988 ) ;
#87 = CIRCLE ( 'NONE', #1719, 2.000000000000001776 ) ;
#88 = APPLICATION_PROTOCOL_DEFINITION ( 'international standard', 'config_control_design', 1994, #2420 ) ;
#89 = CARTESIAN_POINT ( 'NONE',  ( 49.75000000000000000, 0.000000000000000000, -26.25000000000000355 ) ) ;
#90 = DIRECTION ( 'NONE',  ( 0.000000000000000000, 1.000000000000000000, -0.000000000000000000 ) ) ;
#91 = CARTESIAN_POINT ( 'NONE',  ( 8.500000000000007105, 8.000000000000000000, -5.000000000000013323 ) ) ;
#92 = CARTESIAN_POINT ( 'NONE',  ( 59.99999999999999289, -7.000000000000003553, -32.27207793864210572 ) ) ;
#93 = AXIS2_PLACEMENT_3D ( 'NONE', #759, #991, #1633 ) ;
#94 = CARTESIAN_POINT ( 'NONE',  ( 28.50000000000001066, 13.00000000000000178, 0.000000000000000000 ) ) ;
#95 = ORIENTED_EDGE ( 'NONE', *, *, #900, .T. ) ;
#96 = ADVANCED_FACE ( 'NONE', ( #557 ), #2564, .F. ) ;
#97 = DIRECTION ( 'NONE',  ( -0.000000000000000000, -1.000000000000000000, -0.000000000000000000 ) ) ;
#98 = VECTOR ( 'NONE', #767, 1000.000000000000000 ) ;
#99 = VERTEX_POINT ( 'NONE', #131 ) ;
#100 = DIRECTION ( 'NONE',  ( -1.000000000000000000, 0.000000000000000000, 4.625929269271485914E-16 ) ) ;
#101 = EDGE_LOOP ( 'NONE', ( #1692, #2832, #2058, #2814 ) ) ;
#102 = DIRECTION ( 'NONE',  ( 0.000000000000000000, 1.000000000000000000, -0.000000000000000000 ) ) ;
#103 = APPLICATION_PROTOCOL_DEFINITION ( 'international standard', 'config_control_design', 1994, #483 ) ;
#104 = DIRECTION ( 'NONE',  ( 0.000000000000000000, 0.000000000000000000, 1.000000000000000000 ) ) ;
#105 = DIRECTION ( 'NONE',  ( -1.000000000000000000, -9.860761315262647568E-32, 4.625929269271486900E-16 ) ) ;
#106 = LINE ( 'NONE', #92, #1232 ) ;
#107 = CARTESIAN_POINT ( 'NONE',  ( 0.000000000000000000, 5.000000000000000000, -24.85000000000000142 ) ) ;
#108 = ORIENTED_EDGE ( 'NONE', *, *, #2272, .F. ) ;
#109 = AXIS2_PLACEMENT_3D ( 'NONE', #2756, #1623, #2509 ) ;
#110 = ORIENTED_EDGE ( 'NONE', *, *, #1721, .F. ) ;
#111 = CIRCLE ( 'NONE', #1835, 1.400000000000001910 ) ;
#112 = AXIS2_PLACEMENT_3D ( 'NONE', #1246, #2392, #395 ) ;
#113 = EDGE_LOOP ( 'NONE', ( #348, #727, #2863, #1858 ) ) ;
#114 = LINE ( 'NONE', #1010, #960 ) ;
#115 = EDGE_CURVE ( 'NONE', #1942, #329, #1026, .T. ) ;
#116 = FACE_OUTER_BOUND ( 'NONE', #975, .T. ) ;
#117 = DIRECTION ( 'NONE',  ( 0.000000000000000000, 0.000000000000000000, -1.000000000000000000 ) ) ;
#118 = CARTESIAN_POINT ( 'NONE',  ( 64.00000000000000000, 5.000000000000000000, -33.00000000000000000 ) ) ;
#119 = CARTESIAN_POINT ( 'NONE',  ( 21.00000000000001776, 13.00000000000000178, -35.00000000000000000 ) ) ;
#120 = ORIENTED_EDGE ( 'NONE', *, *, #1396, .T. ) ;
#121 = AXIS2_PLACEMENT_3D ( 'NONE', #47, #2738, #72 ) ;
#122 = ORIENTED_EDGE ( 'NONE', *, *, #1849, .F. ) ;
#123 = DIRECTION ( 'NONE',  ( -1.000000000000000000, 0.000000000000000000, -0.000000000000000000 ) ) ;
#124 = VERTEX_POINT ( 'NONE', #1695 ) ;
#125 = CARTESIAN_POINT ( 'NONE',  ( 8.999999999999987566, -24.46446609406724804, -24.46446609406734041 ) ) ;
#126 = EDGE_CURVE ( 'NONE', #2658, #1411, #2347, .T. ) ;
#127 = AXIS2_PLACEMENT_3D ( 'NONE', #305, #278, #949 ) ;
#128 = ORIENTED_EDGE ( 'NONE', *, *, #1700, .T. ) ;
#129 = LINE ( 'NONE', #175, #336 ) ;
#130 = CIRCLE ( 'NONE', #1438, 4.000000000000000000 ) ;
#131 = CARTESIAN_POINT ( 'NONE',  ( 69.00000000000000000, -43.66756419343498408, -5.211479941935047044 ) ) ;
#132 = CIRCLE ( 'NONE', #1487, 4.000000000000000000 ) ;
#133 = CARTESIAN_POINT ( 'NONE',  ( 49.75000000000000000, 5.000000000000000000, -24.85000000000000142 ) ) ;
#134 = DIRECTION ( 'NONE',  ( 0.000000000000000000, 0.000000000000000000, 1.000000000000000000 ) ) ;
#135 = VERTEX_POINT ( 'NONE', #1460 ) ;
#136 = ORIENTED_EDGE ( 'NONE', *, *, #1362, .T. ) ;
#137 = FACE_OUTER_BOUND ( 'NONE', #37, .T. ) ;
#138 = AXIS2_PLACEMENT_3D ( 'NONE', #261, #692, #657 ) ;
#139 = SECURITY_CLASSIFICATION_LEVEL ( 'unclassified' ) ;
#140 = ORIENTED_EDGE ( 'NONE', *, *, #2582, .F. ) ;
#141 = EDGE_CURVE ( 'NONE', #1833, #2760, #1462, .T. ) ;
#142 = EDGE_CURVE ( 'NONE', #77, #1784, #321, .T. ) ;
#143 = ORIENTED_EDGE ( 'NONE', *, *, #2866, .F. ) ;
#144 = LINE ( 'NONE', #1914, #1930 ) ;
#145 = DIRECTION ( 'NONE',  ( -1.000000000000000000, 0.000000000000000000, 4.625929269271485914E-16 ) ) ;
#146 = VECTOR ( 'NONE', #1305, 1000.000000000000000 ) ;
#147 = EDGE_CURVE ( 'NONE', #2458, #690, #111, .T. ) ;
#148 = EDGE_CURVE ( 'NONE', #873, #1509, #339, .T. ) ;
#149 = CARTESIAN_POINT ( 'NONE',  ( 50.65000000000000568, 5.000000000000000000, -28.00000000000000711 ) ) ;
#150 = ORIENTED_EDGE ( 'NONE', *, *, #2001, .T. ) ;
#151 = VECTOR ( 'NONE', #604, 1000.000000000000000 ) ;
#152 = ADVANCED_FACE ( 'NONE', ( #1014 ), #333, .F. ) ;
#153 = VERTEX_POINT ( 'NONE', #543 ) ;
#154 = CARTESIAN_POINT ( 'NONE',  ( -4.336808689942020891E-15, 13.00000000000000178, -30.00000000000000000 ) ) ;
#155 = CARTESIAN_POINT ( 'NONE',  ( 49.80000000000002558, 8.000000000000000000, -33.24999999999999289 ) ) ;
#156 = VECTOR ( 'NONE', #2770, 1000.000000000000000 ) ;
#157 = EDGE_LOOP ( 'NONE', ( #915, #323, #2748, #122, #696, #2532 ) ) ;
#158 = DIRECTION ( 'NONE',  ( -1.000000000000000000, 0.000000000000000000, 0.000000000000000000 ) ) ;
#159 = CIRCLE ( 'NONE', #1557, 3.999999999999996447 ) ;
#160 = ORIENTED_EDGE ( 'NONE', *, *, #2675, .F. ) ;
#161 = DIRECTION ( 'NONE',  ( 0.000000000000000000, 1.000000000000000000, -0.000000000000000000 ) ) ;
#162 = AXIS2_PLACEMENT_3D ( 'NONE', #2290, #1214, #1186 ) ;
#163 = LINE ( 'NONE', #1059, #587 ) ;
#164 = CARTESIAN_POINT ( 'NONE',  ( 49.80000000000001847, 8.000000000000000000, -53.25000000000000000 ) ) ;
#165 = DIRECTION ( 'NONE',  ( 0.000000000000000000, 0.000000000000000000, 1.000000000000000000 ) ) ;
#166 = ORIENTED_EDGE ( 'NONE', *, *, #1308, .F. ) ;
#167 = DIRECTION ( 'NONE',  ( 0.000000000000000000, 0.000000000000000000, 1.000000000000000000 ) ) ;
#168 = VECTOR ( 'NONE', #499, 1000.000000000000000 ) ;
#169 = EDGE_CURVE ( 'NONE', #46, #609, #998, .T. ) ;
#170 = ORIENTED_EDGE ( 'NONE', *, *, #353, .F. ) ;
#171 = DIRECTION ( 'NONE',  ( 0.000000000000000000, 1.000000000000000000, -0.000000000000000000 ) ) ;
#172 = DIRECTION ( 'NONE',  ( -1.000000000000000000, 0.000000000000000000, 4.625929269271485914E-16 ) ) ;
#173 = ORIENTED_EDGE ( 'NONE', *, *, #1069, .T. ) ;
#174 = VERTEX_POINT ( 'NONE', #1042 ) ;
#175 = CARTESIAN_POINT ( 'NONE',  ( 0.000000000000000000, 0.000000000000000000, -24.85000000000000142 ) ) ;
#176 = CIRCLE ( 'NONE', #2274, 2.000000000000001776 ) ;
#177 = DIRECTION ( 'NONE',  ( -0.000000000000000000, -1.000000000000000000, -0.000000000000000000 ) ) ;
#178 = DIRECTION ( 'NONE',  ( 0.000000000000000000, 0.000000000000000000, 1.000000000000000000 ) ) ;
#179 = CARTESIAN_POINT ( 'NONE',  ( 49.80000000000002558, 5.000000000000000000, -35.50000000000000000 ) ) ;
#180 = ORIENTED_EDGE ( 'NONE', *, *, #2394, .F. ) ;
#181 = CC_DESIGN_DATE_AND_TIME_ASSIGNMENT ( #803, #1224, ( #1910 ) ) ;
#182 = ORIENTED_EDGE ( 'NONE', *, *, #276, .T. ) ;
#183 = EDGE_CURVE ( 'NONE', #1372, #1837, #476, .T. ) ;
#184 = DIRECTION ( 'NONE',  ( 0.000000000000000000, 0.000000000000000000, 1.000000000000000000 ) ) ;
#185 = CARTESIAN_POINT ( 'NONE',  ( 9.000000000000000000, -6.999999999999999112, -3.784632676037984402E-15 ) ) ;
#186 = EDGE_LOOP ( 'NONE', ( #1037, #992, #2628, #1109 ) ) ;
#187 = EDGE_CURVE ( 'NONE', #135, #786, #106, .T. ) ;
#188 = ORIENTED_EDGE ( 'NONE', *, *, #1572, .F. ) ;
#189 = VECTOR ( 'NONE', #2754, 1000.000000000000000 ) ;
#190 = DIRECTION ( 'NONE',  ( 0.000000000000000000, 0.000000000000000000, 1.000000000000000000 ) ) ;
#191 = ORIENTED_EDGE ( 'NONE', *, *, #442, .F. ) ;
#192 = ORIENTED_EDGE ( 'NONE', *, *, #2517, .F. ) ;
#193 = DIRECTION ( 'NONE',  ( -7.219188355825463578E-32, 1.000000000000000000, -1.352513093951258776E-16 ) ) ;
#194 = CARTESIAN_POINT ( 'NONE',  ( 9.000000000000000000, -11.00000000000000000, -0.2072594216369227083 ) ) ;
#195 = SHAPE_DEFINITION_REPRESENTATION ( #1292, #1720 ) ;
#196 = ORIENTED_EDGE ( 'NONE', *, *, #689, .F. ) ;
#197 = CARTESIAN_POINT ( 'NONE',  ( 8.999999999999996447, -33.32828037204368599, -8.479695951460819003 ) ) ;
#198 = EDGE_CURVE ( 'NONE', #1440, #1115, #825, .T. ) ;
#199 = AXIS2_PLACEMENT_3D ( 'NONE', #1188, #63, #1216 ) ;
#200 = ORIENTED_EDGE ( 'NONE', *, *, #2600, .F. ) ;
#201 = CARTESIAN_POINT ( 'NONE',  ( 0.000000000000000000, 0.000000000000000000, 0.000000000000000000 ) ) ;
#202 = AXIS2_PLACEMENT_3D ( 'NONE', #1929, #2809, #797 ) ;
#203 = CARTESIAN_POINT ( 'NONE',  ( 0.000000000000000000, 0.000000000000000000, -60.00000000000000000 ) ) ;
#204 = CARTESIAN_POINT ( 'NONE',  ( 23.00000000000003553, 13.00000000000000178, -33.00000000000000000 ) ) ;
#205 = FACE_OUTER_BOUND ( 'NONE', #186, .T. ) ;
#206 = EDGE_LOOP ( 'NONE', ( #1602, #1437, #2209, #723 ) ) ;
#207 = DIRECTION ( 'NONE',  ( 5.687904037542768540E-16, 0.000000000000000000, 1.000000000000000000 ) ) ;
#208 = VERTEX_POINT ( 'NONE', #1887 ) ;
#209 = LINE ( 'NONE', #1089, #2159 ) ;
#210 = VECTOR ( 'NONE', #392, 1000.000000000000000 ) ;
#211 = FACE_OUTER_BOUND ( 'NONE', #1923, .T. ) ;
#212 = ORIENTED_EDGE ( 'NONE', *, *, #2170, .F. ) ;
#213 = CARTESIAN_POINT ( 'NONE',  ( 0.000000000000000000, 5.000000000000000000, 0.000000000000000000 ) ) ;
#214 = EDGE_LOOP ( 'NONE', ( #848, #237, #655, #69 ) ) ;
#215 = CARTESIAN_POINT ( 'NONE',  ( 8.999999999999984013, -11.00000000000000355, -32.27207793864217678 ) ) ;
#216 = ADVANCED_FACE ( 'NONE', ( #2335 ), #1680, .T. ) ;
#217 = CARTESIAN_POINT ( 'NONE',  ( 66.00000000000001421, 5.000000000000000000, -55.99999999999998579 ) ) ;
#218 = DIRECTION ( 'NONE',  ( 0.000000000000000000, 0.000000000000000000, 1.000000000000000000 ) ) ;
#219 = DIRECTION ( 'NONE',  ( 0.000000000000000000, 1.000000000000000000, -0.000000000000000000 ) ) ;
#220 = ORIENTED_EDGE ( 'NONE', *, *, #240, .T. ) ;
#221 = VECTOR ( 'NONE', #1968, 1000.000000000000000 ) ;
#222 = ORIENTED_EDGE ( 'NONE', *, *, #819, .T. ) ;
#223 = CARTESIAN_POINT ( 'NONE',  ( 9.000000000000007105, -2.000000000000000444, 16.53589838486223584 ) ) ;
#224 = AXIS2_PLACEMENT_3D ( 'NONE', #1827, #2018, #2261 ) ;
#225 = DIRECTION ( 'NONE',  ( 0.000000000000000000, 0.000000000000000000, 1.000000000000000000 ) ) ;
#226 = ORIENTED_EDGE ( 'NONE', *, *, #1081, .T. ) ;
#227 = DIRECTION ( 'NONE',  ( 1.000000000000000000, -0.000000000000000000, 0.000000000000000000 ) ) ;
#228 = AXIS2_PLACEMENT_3D ( 'NONE', #84, #1395, #2285 ) ;
#229 = ORIENTED_EDGE ( 'NONE', *, *, #1935, .T. ) ;
#230 = CARTESIAN_POINT ( 'NONE',  ( 49.80000000000001847, 5.000000000000000000, -57.75000000000000000 ) ) ;
#231 = VECTOR ( 'NONE', #1101, 1000.000000000000000 ) ;
#232 = DIRECTION ( 'NONE',  ( 0.000000000000000000, 0.000000000000000000, -1.000000000000000000 ) ) ;
#233 = LINE ( 'NONE', #706, #1859 ) ;
#234 = CYLINDRICAL_SURFACE ( 'NONE', #2344, 1.250000000000007994 ) ;
#235 = ORIENTED_EDGE ( 'NONE', *, *, #1883, .F. ) ;
#236 = ADVANCED_FACE ( 'NONE', ( #2378, #984, #1217 ), #27, .T. ) ;
#237 = ORIENTED_EDGE ( 'NONE', *, *, #1700, .F. ) ;
#238 = LINE ( 'NONE', #2224, #2289 ) ;
#239 = CARTESIAN_POINT ( 'NONE',  ( 49.80000000000001847, 5.000000000000000000, -53.25000000000000000 ) ) ;
#240 = EDGE_CURVE ( 'NONE', #2583, #1509, #1336, .T. ) ;
#241 = VERTEX_POINT ( 'NONE', #688 ) ;
#242 = LINE ( 'NONE', #1138, #642 ) ;
#243 = EDGE_LOOP ( 'NONE', ( #25, #1206, #1337, #386 ) ) ;
#244 = DIRECTION ( 'NONE',  ( 0.000000000000000000, 1.000000000000000000, -0.000000000000000000 ) ) ;
#245 = LINE ( 'NONE', #2031, #250 ) ;
#246 = DIRECTION ( 'NONE',  ( -0.000000000000000000, -1.000000000000000000, -0.000000000000000000 ) ) ;
#247 = DIRECTION ( 'NONE',  ( -0.000000000000000000, -1.000000000000000000, -0.000000000000000000 ) ) ;
#248 = LINE ( 'NONE', #659, #2300 ) ;
#249 = ORIENTED_EDGE ( 'NONE', *, *, #1952, .T. ) ;
#250 = VECTOR ( 'NONE', #1530, 1000.000000000000000 ) ;
#251 = VERTEX_POINT ( 'NONE', #1820 ) ;
#252 = DIRECTION ( 'NONE',  ( -0.000000000000000000, -1.000000000000000000, -0.000000000000000000 ) ) ;
#253 = ADVANCED_FACE ( 'NONE', ( #700 ), #2459, .F. ) ;
#254 = DIRECTION ( 'NONE',  ( 5.687904037542768540E-16, 1.352513093951258776E-16, 1.000000000000000000 ) ) ;
#255 = EDGE_LOOP ( 'NONE', ( #627, #774, #920, #2082 ) ) ;
#256 = CARTESIAN_POINT ( 'NONE',  ( 49.75000000000000000, 5.000000000000000000, -5.350000000000004086 ) ) ;
#257 = AXIS2_PLACEMENT_3D ( 'NONE', #2441, #22, #2267 ) ;
#258 = ORIENTED_EDGE ( 'NONE', *, *, #875, .T. ) ;
#259 = DIRECTION ( 'NONE',  ( 0.000000000000000000, 0.000000000000000000, 1.000000000000000000 ) ) ;
#260 = CARTESIAN_POINT ( 'NONE',  ( 3.999999999999973355, 0.000000000000000000, -56.00000000000000000 ) ) ;
#261 = CARTESIAN_POINT ( 'NONE',  ( 65.00000000000000000, 0.000000000000000000, -3.999999999999999112 ) ) ;
#262 = DIRECTION ( 'NONE',  ( 0.000000000000000000, 0.000000000000000000, -1.000000000000000000 ) ) ;
#263 = LINE ( 'NONE', #1856, #2804 ) ;
#264 = ORIENTED_EDGE ( 'NONE', *, *, #1271, .T. ) ;
#265 = ORIENTED_EDGE ( 'NONE', *, *, #819, .F. ) ;
#266 = LINE ( 'NONE', #1163, #756 ) ;
#267 = VECTOR ( 'NONE', #1182, 1000.000000000000000 ) ;
#268 = CARTESIAN_POINT ( 'NONE',  ( 68.99999999999998579, -11.00000000000000355, -32.27207793864220520 ) ) ;
#269 = EDGE_CURVE ( 'NONE', #585, #645, #176, .T. ) ;
#270 = EDGE_CURVE ( 'NONE', #1423, #1833, #1351, .T. ) ;
#271 = CIRCLE ( 'NONE', #928, 2.250000000000001776 ) ;
#272 = VERTEX_POINT ( 'NONE', #671 ) ;
#273 = CARTESIAN_POINT ( 'NONE',  ( 55.64999999999999147, 8.000000000000000000, -5.000000000000000888 ) ) ;
#274 = VECTOR ( 'NONE', #1078, 1000.000000000000000 ) ;
#275 = ADVANCED_FACE ( 'NONE', ( #1791 ), #2228, .F. ) ;
#276 = EDGE_CURVE ( 'NONE', #2111, #2622, #2256, .T. ) ;
#277 = ORIENTED_EDGE ( 'NONE', *, *, #2372, .T. ) ;
#278 = DIRECTION ( 'NONE',  ( 0.000000000000000000, 1.000000000000000000, -0.000000000000000000 ) ) ;
#279 = FACE_OUTER_BOUND ( 'NONE', #1967, .T. ) ;
#280 = DIRECTION ( 'NONE',  ( -0.000000000000000000, -1.000000000000000000, -0.000000000000000000 ) ) ;
#281 = FACE_OUTER_BOUND ( 'NONE', #1693, .T. ) ;
#282 = DIRECTION ( 'NONE',  ( 1.000000000000000000, 0.000000000000000000, -5.687904037542768540E-16 ) ) ;
#283 = FACE_OUTER_BOUND ( 'NONE', #801, .T. ) ;
#284 = ORIENTED_EDGE ( 'NONE', *, *, #2129, .T. ) ;
#285 = CARTESIAN_POINT ( 'NONE',  ( 21.00000000000001776, 13.00000000000000178, -55.99999999999998579 ) ) ;
#286 = EDGE_LOOP ( 'NONE', ( #1190, #2045, #804, #533 ) ) ;
#287 = VECTOR ( 'NONE', #899, 1000.000000000000000 ) ;
#288 = ORIENTED_EDGE ( 'NONE', *, *, #970, .T. ) ;
#289 = DIRECTION ( 'NONE',  ( 2.312964634635747887E-16, 0.8660254037844380415, 0.5000000000000012212 ) ) ;
#290 = ADVANCED_FACE ( 'NONE', ( #2645 ), #2689, .F. ) ;
#291 = CARTESIAN_POINT ( 'NONE',  ( 55.64999999999999147, 8.000000000000000000, -28.00000000000000711 ) ) ;
#292 = AXIS2_PLACEMENT_3D ( 'NONE', #1931, #2182, #1684 ) ;
#293 = CARTESIAN_POINT ( 'NONE',  ( 12.40000000000000924, 8.000000000000000000, -2.999999999999999556 ) ) ;
#294 = DIRECTION ( 'NONE',  ( 0.000000000000000000, 1.000000000000000000, -0.000000000000000000 ) ) ;
#295 = ORIENTED_EDGE ( 'NONE', *, *, #1339, .F. ) ;
#296 = DIRECTION ( 'NONE',  ( 1.000000000000000000, 0.000000000000000000, -1.174552353525963794E-16 ) ) ;
#297 = DIRECTION ( 'NONE',  ( 0.000000000000000000, 0.000000000000000000, -1.000000000000000000 ) ) ;
#298 = EDGE_CURVE ( 'NONE', #1174, #1133, #42, .T. ) ;
#299 = VECTOR ( 'NONE', #823, 1000.000000000000000 ) ;
#300 = EDGE_LOOP ( 'NONE', ( #1627, #41, #1290, #2443 ) ) ;
#301 = VECTOR ( 'NONE', #207, 1000.000000000000000 ) ;
#302 = ORIENTED_EDGE ( 'NONE', *, *, #81, .F. ) ;
#303 = AXIS2_PLACEMENT_3D ( 'NONE', #2120, #995, #2541 ) ;
#304 = ORIENTED_EDGE ( 'NONE', *, *, #1672, .T. ) ;
#305 = CARTESIAN_POINT ( 'NONE',  ( 3.999999999999998224, 13.00000000000000178, -4.000000000000000000 ) ) ;
#306 =( NAMED_UNIT ( * ) PLANE_ANGLE_UNIT ( ) SI_UNIT ( $, .RADIAN. ) );
#307 = DIRECTION ( 'NONE',  ( 1.000000000000000000, -0.000000000000000000, 0.000000000000000000 ) ) ;
#308 = LINE ( 'NONE', #75, #452 ) ;
#309 = ADVANCED_FACE ( 'NONE', ( #1805 ), #1600, .T. ) ;
#310 = CARTESIAN_POINT ( 'NONE',  ( 49.75000000000000000, 0.000000000000000000, -5.350000000000004086 ) ) ;
#311 = ORIENTED_EDGE ( 'NONE', *, *, #2286, .F. ) ;
#312 = EDGE_LOOP ( 'NONE', ( #1607, #2342, #368, #1513 ) ) ;
#313 = ORIENTED_EDGE ( 'NONE', *, *, #115, .F. ) ;
#314 = LINE ( 'NONE', #2761, #456 ) ;
#315 = ORIENTED_EDGE ( 'NONE', *, *, #1811, .F. ) ;
#316 = DIRECTION ( 'NONE',  ( 0.000000000000000000, 1.000000000000000000, -0.000000000000000000 ) ) ;
#317 = VECTOR ( 'NONE', #2003, 1000.000000000000000 ) ;
#318 = LINE ( 'NONE', #1443, #1936 ) ;
#319 = CARTESIAN_POINT ( 'NONE',  ( 39.75000000000000711, 0.000000000000000000, -5.350000000000000533 ) ) ;
#320 = FACE_OUTER_BOUND ( 'NONE', #2786, .T. ) ;
#321 = LINE ( 'NONE', #588, #2574 ) ;
#322 = CARTESIAN_POINT ( 'NONE',  ( 10.50000000000002132, 13.00000000000000178, -2.999999999999999556 ) ) ;
#323 = ORIENTED_EDGE ( 'NONE', *, *, #270, .T. ) ;
#324 = EDGE_CURVE ( 'NONE', #2765, #645, #242, .T. ) ;
#325 = AXIS2_PLACEMENT_3D ( 'NONE', #1685, #1670, #1846 ) ;
#326 = ORIENTED_EDGE ( 'NONE', *, *, #1572, .T. ) ;
#327 = EDGE_CURVE ( 'NONE', #56, #1479, #130, .T. ) ;
#328 = CALENDAR_DATE ( 2025, 24, 4 ) ;
#329 = VERTEX_POINT ( 'NONE', #715 ) ;
#330 = CARTESIAN_POINT ( 'NONE',  ( -4.336808689942020891E-15, 13.00000000000000178, -30.00000000000000000 ) ) ;
#331 = CARTESIAN_POINT ( 'NONE',  ( 23.00000000000001776, 8.000000000000000000, -56.00000000000000000 ) ) ;
#332 = DIRECTION ( 'NONE',  ( -0.000000000000000000, -1.000000000000000000, -0.000000000000000000 ) ) ;
#333 = CYLINDRICAL_SURFACE ( 'NONE', #1000, 4.000000000000000000 ) ;
#334 = CARTESIAN_POINT ( 'NONE',  ( 49.80000000000001847, 5.000000000000000000, -56.75000000000000711 ) ) ;
#335 = ORIENTED_EDGE ( 'NONE', *, *, #480, .T. ) ;
#336 = VECTOR ( 'NONE', #2603, 1000.000000000000000 ) ;
#337 = EDGE_LOOP ( 'NONE', ( #934, #2474, #388, #2316 ) ) ;
#338 = EDGE_CURVE ( 'NONE', #2338, #272, #414, .T. ) ;
#339 = CIRCLE ( 'NONE', #858, 1.400000000000001910 ) ;
#340 = CYLINDRICAL_SURFACE ( 'NONE', #1406, 1.400000000000001910 ) ;
#341 = LOCAL_TIME ( 12, 19, 48.00000000000000000, #780 ) ;
#342 = ORIENTED_EDGE ( 'NONE', *, *, #1205, .F. ) ;
#343 = FACE_OUTER_BOUND ( 'NONE', #466, .T. ) ;
#344 = ORIENTED_EDGE ( 'NONE', *, *, #1011, .F. ) ;
#345 = VECTOR ( 'NONE', #1192, 1000.000000000000000 ) ;
#346 = LINE ( 'NONE', #119, #2118 ) ;
#347 = LINE ( 'NONE', #1901, #1043 ) ;
#348 = ORIENTED_EDGE ( 'NONE', *, *, #2158, .T. ) ;
#349 = PLANE ( 'NONE',  #1233 ) ;
#350 = VECTOR ( 'NONE', #1412, 1000.000000000000000 ) ;
#351 = ORIENTED_EDGE ( 'NONE', *, *, #147, .T. ) ;
#352 = CARTESIAN_POINT ( 'NONE',  ( 26.00000000000001776, 8.000000000000000000, -58.00000000000000000 ) ) ;
#353 = EDGE_CURVE ( 'NONE', #485, #1319, #1810, .T. ) ;
#354 = EDGE_CURVE ( 'NONE', #2376, #2436, #1556, .T. ) ;
#355 = PERSON_AND_ORGANIZATION_ROLE ( 'design_supplier' ) ;
#356 = ORIENTED_EDGE ( 'NONE', *, *, #169, .T. ) ;
#357 = DIRECTION ( 'NONE',  ( 4.625929269271485914E-16, 0.000000000000000000, 1.000000000000000000 ) ) ;
#358 = AXIS2_PLACEMENT_3D ( 'NONE', #1285, #556, #2808 ) ;
#359 = ADVANCED_FACE ( 'NONE', ( #1980 ), #2855, .F. ) ;
#360 = EDGE_CURVE ( 'NONE', #2602, #77, #271, .T. ) ;
#361 = ORIENTED_EDGE ( 'NONE', *, *, #240, .F. ) ;
#362 = DIRECTION ( 'NONE',  ( 0.000000000000000000, 0.000000000000000000, -1.000000000000000000 ) ) ;
#363 = DIRECTION ( 'NONE',  ( 1.000000000000000000, 0.000000000000000000, 0.000000000000000000 ) ) ;
#364 = DIRECTION ( 'NONE',  ( -0.000000000000000000, -1.000000000000000000, -0.000000000000000000 ) ) ;
#365 = CARTESIAN_POINT ( 'NONE',  ( 9.000000000000000000, -11.00000000000000000, -0.2072594216369227083 ) ) ;
#366 = VERTEX_POINT ( 'NONE', #976 ) ;
#367 = AXIS2_PLACEMENT_3D ( 'NONE', #1064, #802, #2611 ) ;
#368 = ORIENTED_EDGE ( 'NONE', *, *, #2630, .T. ) ;
#369 = CARTESIAN_POINT ( 'NONE',  ( 8.573893367560630231E-15, -2.000000000000000444, 18.53589838486224295 ) ) ;
#370 = CARTESIAN_POINT ( 'NONE',  ( 49.80000000000002558, 8.000000000000000000, -35.50000000000000000 ) ) ;
#371 = VECTOR ( 'NONE', #1369, 1000.000000000000000 ) ;
#372 = CARTESIAN_POINT ( 'NONE',  ( 69.00000000000001421, -8.660254037844401509, 14.99999999999994849 ) ) ;
#373 = VERTEX_POINT ( 'NONE', #2548 ) ;
#374 = VERTEX_POINT ( 'NONE', #486 ) ;
#375 = CARTESIAN_POINT ( 'NONE',  ( -3.523657060577889411E-16, 5.000000000000000000, -2.999999999999998224 ) ) ;
#376 = EDGE_CURVE ( 'NONE', #1219, #2399, #40, .T. ) ;
#377 = DIRECTION ( 'NONE',  ( 0.000000000000000000, 0.000000000000000000, -1.000000000000000000 ) ) ;
#378 = DIRECTION ( 'NONE',  ( 4.336808689942017736E-16, 0.000000000000000000, 1.000000000000000000 ) ) ;
#379 = ORIENTED_EDGE ( 'NONE', *, *, #1952, .F. ) ;
#380 = EDGE_CURVE ( 'NONE', #2015, #1050, #2047, .T. ) ;
#381 = DIRECTION ( 'NONE',  ( 0.000000000000000000, 1.000000000000000000, -0.000000000000000000 ) ) ;
#382 = CIRCLE ( 'NONE', #2661, 2.000000000000000888 ) ;
#383 = ORIENTED_EDGE ( 'NONE', *, *, #1966, .F. ) ;
#384 = DIRECTION ( 'NONE',  ( -0.000000000000000000, -1.000000000000000000, 0.000000000000000000 ) ) ;
#385 = CARTESIAN_POINT ( 'NONE',  ( 8.999999999999973355, 0.000000000000000000, -55.99999999999997158 ) ) ;
#386 = ORIENTED_EDGE ( 'NONE', *, *, #187, .F. ) ;
#387 = AXIS2_PLACEMENT_3D ( 'NONE', #2753, #764, #1650 ) ;
#388 = ORIENTED_EDGE ( 'NONE', *, *, #795, .T. ) ;
#389 = CARTESIAN_POINT ( 'NONE',  ( 39.75000000000000711, 5.000000000000000000, -5.350000000000000533 ) ) ;
#390 = VECTOR ( 'NONE', #431, 1000.000000000000000 ) ;
#391 = ADVANCED_FACE ( 'NONE', ( #1851 ), #2519, .T. ) ;
#392 = DIRECTION ( 'NONE',  ( 1.000000000000000000, 0.000000000000000000, -3.469446951953616161E-16 ) ) ;
#393 = DIRECTION ( 'NONE',  ( 0.000000000000000000, 0.000000000000000000, 1.000000000000000000 ) ) ;
#394 = ORIENTED_EDGE ( 'NONE', *, *, #2235, .F. ) ;
#395 = DIRECTION ( 'NONE',  ( -1.000000000000000000, 0.000000000000000000, 3.469446951953616654E-16 ) ) ;
#396 = EDGE_CURVE ( 'NONE', #1712, #2399, #2487, .T. ) ;
#397 = EDGE_CURVE ( 'NONE', #1115, #1847, #1006, .T. ) ;
#398 = VERTEX_POINT ( 'NONE', #549 ) ;
#399 = DIRECTION ( 'NONE',  ( 0.000000000000000000, 0.000000000000000000, -1.000000000000000000 ) ) ;
#400 = LINE ( 'NONE', #412, #274 ) ;
#401 = ORIENTED_EDGE ( 'NONE', *, *, #1484, .T. ) ;
#402 = EDGE_LOOP ( 'NONE', ( #2227, #2157, #2688, #679 ) ) ;
#403 = LINE ( 'NONE', #1297, #221 ) ;
#404 = AXIS2_PLACEMENT_3D ( 'NONE', #1198, #2084, #947 ) ;
#405 = CARTESIAN_POINT ( 'NONE',  ( 66.00000000000001421, 13.00000000000000178, 0.000000000000000000 ) ) ;
#406 = CARTESIAN_POINT ( 'NONE',  ( 9.000000000000000000, -11.00000000000000000, -0.2072594216369227083 ) ) ;
#407 = ORIENTED_EDGE ( 'NONE', *, *, #2787, .F. ) ;
#408 = VECTOR ( 'NONE', #2853, 1000.000000000000000 ) ;
#409 = VERTEX_POINT ( 'NONE', #2503 ) ;
#410 = DIRECTION ( 'NONE',  ( 6.938893903907233900E-15, 0.000000000000000000, 1.000000000000000000 ) ) ;
#411 = EDGE_CURVE ( 'NONE', #1498, #2569, #608, .T. ) ;
#412 = CARTESIAN_POINT ( 'NONE',  ( 26.00000000000002132, 8.000000000000000000, -3.608224830031760334E-15 ) ) ;
#413 = VERTEX_POINT ( 'NONE', #2097 ) ;
#414 = LINE ( 'NONE', #653, #1904 ) ;
#415 = EDGE_CURVE ( 'NONE', #1331, #2165, #2071, .T. ) ;
#416 = ORIENTED_EDGE ( 'NONE', *, *, #2423, .F. ) ;
#417 = DIRECTION ( 'NONE',  ( 0.000000000000000000, 0.000000000000000000, 1.000000000000000000 ) ) ;
#418 = CARTESIAN_POINT ( 'NONE',  ( 6.938893903907215756E-15, -8.660254037844396180, 14.99999999999998401 ) ) ;
#419 = CARTESIAN_POINT ( 'NONE',  ( 64.00000000000001421, 13.00000000000000178, -56.00000000000000000 ) ) ;
#420 = ORIENTED_EDGE ( 'NONE', *, *, #2846, .F. ) ;
#421 = AXIS2_PLACEMENT_3D ( 'NONE', #916, #193, #2210 ) ;
#422 = CARTESIAN_POINT ( 'NONE',  ( 69.00000000000000000, 0.000000000000000000, -3.924653785904511082E-14 ) ) ;
#423 = ORIENTED_EDGE ( 'NONE', *, *, #1081, .F. ) ;
#424 = LINE ( 'NONE', #436, #2656 ) ;
#425 = APPROVAL_STATUS ( 'not_yet_approved' ) ;
#426 = ADVANCED_FACE ( 'NONE', ( #1180 ), #747, .T. ) ;
#427 = ORIENTED_EDGE ( 'NONE', *, *, #169, .F. ) ;
#428 = DIRECTION ( 'NONE',  ( 4.006172263299089435E-16, -0.5000000000000012212, 0.8660254037844380415 ) ) ;
#429 = ORIENTED_EDGE ( 'NONE', *, *, #1117, .T. ) ;
#430 = DIRECTION ( 'NONE',  ( 0.000000000000000000, 0.000000000000000000, 1.000000000000000000 ) ) ;
#431 = DIRECTION ( 'NONE',  ( 1.000000000000000000, -0.000000000000000000, 0.000000000000000000 ) ) ;
#432 = CARTESIAN_POINT ( 'NONE',  ( 9.000000000000000000, 0.000000000000000000, -4.163336342344337027E-15 ) ) ;
#433 = LINE ( 'NONE', #864, #2480 ) ;
#434 = ORIENTED_EDGE ( 'NONE', *, *, #81, .T. ) ;
#435 = ORIENTED_EDGE ( 'NONE', *, *, #327, .F. ) ;
#436 = CARTESIAN_POINT ( 'NONE',  ( 12.40000000000000746, 8.000000000000000000, -30.00000000000000000 ) ) ;
#437 = VECTOR ( 'NONE', #939, 1000.000000000000000 ) ;
#438 = LINE ( 'NONE', #2657, #631 ) ;
#439 = COORDINATED_UNIVERSAL_TIME_OFFSET ( 8, 0, .AHEAD. ) ;
#440 = ORIENTED_EDGE ( 'NONE', *, *, #1682, .T. ) ;
#441 = DIRECTION ( 'NONE',  ( -0.000000000000000000, -1.000000000000000000, -0.000000000000000000 ) ) ;
#442 = EDGE_CURVE ( 'NONE', #469, #1960, #2535, .T. ) ;
#443 = ORIENTED_EDGE ( 'NONE', *, *, #2842, .T. ) ;
#444 = DIRECTION ( 'NONE',  ( 1.000000000000000000, -0.000000000000000000, 0.000000000000000000 ) ) ;
#445 = EDGE_CURVE ( 'NONE', #2737, #620, #1425, .T. ) ;
#446 = CARTESIAN_POINT ( 'NONE',  ( 9.000000000000000000, 0.000000000000000000, -4.163336342344337027E-15 ) ) ;
#447 = FACE_OUTER_BOUND ( 'NONE', #214, .T. ) ;
#448 = ORIENTED_EDGE ( 'NONE', *, *, #1220, .F. ) ;
#449 = EDGE_CURVE ( 'NONE', #1174, #2458, #314, .T. ) ;
#450 = ORIENTED_EDGE ( 'NONE', *, *, #1749, .F. ) ;
#451 = DIRECTION ( 'NONE',  ( 0.000000000000000000, 0.000000000000000000, -1.000000000000000000 ) ) ;
#452 = VECTOR ( 'NONE', #1430, 1000.000000000000000 ) ;
#453 = DIRECTION ( 'NONE',  ( 0.000000000000000000, 0.000000000000000000, -1.000000000000000000 ) ) ;
#454 = ORIENTED_EDGE ( 'NONE', *, *, #1468, .T. ) ;
#455 = CARTESIAN_POINT ( 'NONE',  ( 40.50000000000000711, 13.00000000000000178, -3.000000000000000444 ) ) ;
#456 = VECTOR ( 'NONE', #1876, 1000.000000000000000 ) ;
#457 = ORIENTED_EDGE ( 'NONE', *, *, #1717, .F. ) ;
#458 = LINE ( 'NONE', #201, #869 ) ;
#459 = CIRCLE ( 'NONE', #845, 1.250000000000001110 ) ;
#460 = DIRECTION ( 'NONE',  ( 0.000000000000000000, 0.000000000000000000, 1.000000000000000000 ) ) ;
#461 = EDGE_CURVE ( 'NONE', #840, #1372, #1166, .T. ) ;
#462 = FACE_OUTER_BOUND ( 'NONE', #853, .T. ) ;
#463 = ADVANCED_FACE ( 'NONE', ( #1702 ), #832, .T. ) ;
#464 = CARTESIAN_POINT ( 'NONE',  ( 0.000000000000000000, 13.00000000000000178, -60.00000000000000000 ) ) ;
#465 = LINE ( 'NONE', #477, #504 ) ;
#466 = EDGE_LOOP ( 'NONE', ( #2774, #1501, #1279, #2593, #2172, #2867, #1879, #2751, #1496 ) ) ;
#467 = CARTESIAN_POINT ( 'NONE',  ( 66.00000000000001421, 13.00000000000000178, -35.00000000000001421 ) ) ;
#468 = FACE_BOUND ( 'NONE', #1236, .T. ) ;
#469 = VERTEX_POINT ( 'NONE', #2828 ) ;
#470 = DIRECTION ( 'NONE',  ( 0.000000000000000000, 0.000000000000000000, -1.000000000000000000 ) ) ;
#471 = ORIENTED_EDGE ( 'NONE', *, *, #1252, .F. ) ;
#472 = CARTESIAN_POINT ( 'NONE',  ( 49.80000000000002558, 8.000000000000000000, -33.24999999999999289 ) ) ;
#473 = LINE ( 'NONE', #938, #371 ) ;
#474 = CARTESIAN_POINT ( 'NONE',  ( 0.000000000000000000, 0.000000000000000000, -27.65000000000000568 ) ) ;
#475 = PLANE ( 'NONE',  #1090 ) ;
#476 = CIRCLE ( 'NONE', #202, 1.999999999999998224 ) ;
#477 = CARTESIAN_POINT ( 'NONE',  ( 9.000000000000000000, -6.999999999999999112, -3.784632676037984402E-15 ) ) ;
#478 = CC_DESIGN_DATE_AND_TIME_ASSIGNMENT ( #23, #888, ( #2762 ) ) ;
#479 = DIRECTION ( 'NONE',  ( 2.843952018771390680E-16, 0.8660254037844379305, 0.5000000000000011102 ) ) ;
#480 = EDGE_CURVE ( 'NONE', #792, #932, #2095, .T. ) ;
#481 = ORIENTED_EDGE ( 'NONE', *, *, #2554, .T. ) ;
#482 = DIRECTION ( 'NONE',  ( 6.424901762877063495E-17, 0.000000000000000000, 1.000000000000000000 ) ) ;
#483 = APPLICATION_CONTEXT ( 'configuration controlled 3d designs of mechanical parts and assemblies' ) ;
#484 = CARTESIAN_POINT ( 'NONE',  ( 9.000000000000000000, 0.000000000000000000, -4.163336342344337027E-15 ) ) ;
#485 = VERTEX_POINT ( 'NONE', #1714 ) ;
#486 = CARTESIAN_POINT ( 'NONE',  ( 64.00000000000000000, 13.00000000000000178, -33.00000000000000000 ) ) ;
#487 = ORIENTED_EDGE ( 'NONE', *, *, #668, .T. ) ;
#488 = DIRECTION ( 'NONE',  ( 1.000000000000000000, 9.860761315262647568E-32, -4.625929269271486900E-16 ) ) ;
#489 = CARTESIAN_POINT ( 'NONE',  ( 28.50000000000001066, 5.000000000000000000, 0.000000000000000000 ) ) ;
#490 = CIRCLE ( 'NONE', #1759, 2.000000000000001776 ) ;
#491 = CARTESIAN_POINT ( 'NONE',  ( 10.50000000000000711, 8.000000000000000000, -28.00000000000000000 ) ) ;
#492 = CARTESIAN_POINT ( 'NONE',  ( 60.00000000000000711, -11.00000000000000000, -0.2072594216369505749 ) ) ;
#493 = CARTESIAN_POINT ( 'NONE',  ( 39.75000000000000711, 0.000000000000000000, -27.65000000000000568 ) ) ;
#494 = CYLINDRICAL_SURFACE ( 'NONE', #529, 1.999999999999998224 ) ;
#495 = ORIENTED_EDGE ( 'NONE', *, *, #2373, .T. ) ;
#496 = VERTEX_POINT ( 'NONE', #2128 ) ;
#497 = DIRECTION ( 'NONE',  ( -1.000000000000000000, 0.000000000000000000, 4.625929269271485914E-16 ) ) ;
#498 = VECTOR ( 'NONE', #1141, 1000.000000000000000 ) ;
#499 = DIRECTION ( 'NONE',  ( -0.000000000000000000, -1.000000000000000000, -0.000000000000000000 ) ) ;
#500 = ORIENTED_EDGE ( 'NONE', *, *, #1592, .F. ) ;
#501 = EDGE_CURVE ( 'NONE', #174, #1146, #1280, .T. ) ;
#502 = CARTESIAN_POINT ( 'NONE',  ( 28.50000000000001066, 13.00000000000000178, 0.000000000000000000 ) ) ;
#503 = AXIS2_PLACEMENT_3D ( 'NONE', #738, #768, #1402 ) ;
#504 = VECTOR ( 'NONE', #1358, 1000.000000000000000 ) ;
#505 = ORIENTED_EDGE ( 'NONE', *, *, #2846, .T. ) ;
#506 = EDGE_CURVE ( 'NONE', #2381, #1104, #610, .T. ) ;
#507 = LINE ( 'NONE', #2288, #2406 ) ;
#508 = VECTOR ( 'NONE', #1499, 1000.000000000000000 ) ;
#509 = LINE ( 'NONE', #293, #98 ) ;
#510 = LINE ( 'NONE', #2769, #1251 ) ;
#511 = CARTESIAN_POINT ( 'NONE',  ( 50.65000000000000568, 5.000000000000000000, -5.000000000000000000 ) ) ;
#512 = FACE_OUTER_BOUND ( 'NONE', #941, .T. ) ;
#513 = VECTOR ( 'NONE', #712, 1000.000000000000000 ) ;
#514 = LINE ( 'NONE', #94, #345 ) ;
#515 = LINE ( 'NONE', #2296, #2331 ) ;
#516 = VERTEX_POINT ( 'NONE', #2596 ) ;
#517 = CARTESIAN_POINT ( 'NONE',  ( 8.999999999999984013, -7.000000000000000888, -32.27207793864208440 ) ) ;
#518 = VERTEX_POINT ( 'NONE', #1077 ) ;
#519 = AXIS2_PLACEMENT_3D ( 'NONE', #2396, #579, #399 ) ;
#520 = CC_DESIGN_PERSON_AND_ORGANIZATION_ASSIGNMENT ( #1955, #1716, ( #1910 ) ) ;
#521 = EDGE_CURVE ( 'NONE', #2196, #1133, #2744, .T. ) ;
#522 = EDGE_LOOP ( 'NONE', ( #82, #1325, #229, #1990 ) ) ;
#523 = LINE ( 'NONE', #2303, #2139 ) ;
#524 = CIRCLE ( 'NONE', #1506, 4.000000000000000000 ) ;
#525 = LINE ( 'NONE', #1665, #2305 ) ;
#526 = DIRECTION ( 'NONE',  ( 0.000000000000000000, 0.000000000000000000, 1.000000000000000000 ) ) ;
#527 = CARTESIAN_POINT ( 'NONE',  ( 49.80000000000001847, 0.000000000000000000, -56.75000000000000711 ) ) ;
#528 = LINE ( 'NONE', #695, #1763 ) ;
#529 = AXIS2_PLACEMENT_3D ( 'NONE', #2262, #769, #1828 ) ;
#530 = LINE ( 'NONE', #1421, #1891 ) ;
#531 =( GEOMETRIC_REPRESENTATION_CONTEXT ( 3 ) GLOBAL_UNCERTAINTY_ASSIGNED_CONTEXT ( ( #2276 ) ) GLOBAL_UNIT_ASSIGNED_CONTEXT ( ( #1620, #306, #1185 ) ) REPRESENTATION_CONTEXT ( 'NONE', 'WORKASPACE' ) );
#532 = ORIENTED_EDGE ( 'NONE', *, *, #831, .T. ) ;
#533 = ORIENTED_EDGE ( 'NONE', *, *, #2521, .T. ) ;
#534 = DIRECTION ( 'NONE',  ( -0.000000000000000000, -1.000000000000000000, -0.000000000000000000 ) ) ;
#535 = ORIENTED_EDGE ( 'NONE', *, *, #354, .T. ) ;
#536 = DIRECTION ( 'NONE',  ( 3.271025955591193724E-16, -0.7071067811865489050, 0.7071067811865462405 ) ) ;
#537 = AXIS2_PLACEMENT_3D ( 'NONE', #125, #2148, #2163 ) ;
#538 = DIRECTION ( 'NONE',  ( 4.336808689942019708E-16, 0.000000000000000000, 1.000000000000000000 ) ) ;
#539 = FACE_OUTER_BOUND ( 'NONE', #2495, .T. ) ;
#540 = DIRECTION ( 'NONE',  ( -6.424901762877063495E-17, 0.000000000000000000, -1.000000000000000000 ) ) ;
#541 = ADVANCED_FACE ( 'NONE', ( #137 ), #2802, .T. ) ;
#542 = EDGE_CURVE ( 'NONE', #99, #1319, #2839, .T. ) ;
#543 = CARTESIAN_POINT ( 'NONE',  ( 59.99999999999999289, -11.00000000000000355, -36.27207793864219099 ) ) ;
#544 = PLANE ( 'NONE',  #1148 ) ;
#545 = ORIENTED_EDGE ( 'NONE', *, *, #779, .F. ) ;
#546 = EDGE_CURVE ( 'NONE', #1140, #1973, #2815, .T. ) ;
#547 = FACE_OUTER_BOUND ( 'NONE', #1913, .T. ) ;
#548 = ORIENTED_EDGE ( 'NONE', *, *, #799, .F. ) ;
#549 = CARTESIAN_POINT ( 'NONE',  ( 69.00000000000000000, 0.000000000000000000, -4.000000000000028422 ) ) ;
#550 = AXIS2_PLACEMENT_3D ( 'NONE', #2677, #2043, #2873 ) ;
#551 = ORIENTED_EDGE ( 'NONE', *, *, #269, .F. ) ;
#552 = DIRECTION ( 'NONE',  ( 0.000000000000000000, 0.000000000000000000, -1.000000000000000000 ) ) ;
#553 = LINE ( 'NONE', #60, #2072 ) ;
#554 = FACE_OUTER_BOUND ( 'NONE', #566, .T. ) ;
#555 = DIRECTION ( 'NONE',  ( 0.000000000000000000, 0.000000000000000000, 1.000000000000000000 ) ) ;
#556 = DIRECTION ( 'NONE',  ( -0.000000000000000000, -1.000000000000000000, 0.000000000000000000 ) ) ;
#557 = FACE_OUTER_BOUND ( 'NONE', #1595, .T. ) ;
#558 = ADVANCED_FACE ( 'NONE', ( #1510 ), #1963, .F. ) ;
#559 = CYLINDRICAL_SURFACE ( 'NONE', #1961, 1.250000000000001110 ) ;
#560 = ORIENTED_EDGE ( 'NONE', *, *, #376, .T. ) ;
#561 = CYLINDRICAL_SURFACE ( 'NONE', #860, 1.400000000000001910 ) ;
#562 = ADVANCED_FACE ( 'NONE', ( #593 ), #1690, .T. ) ;
#563 = EDGE_LOOP ( 'NONE', ( #1674, #1048, #1466, #648, #401, #1098, #701, #304, #1713, #1519 ) ) ;
#564 = CARTESIAN_POINT ( 'NONE',  ( 0.000000000000000000, 5.000000000000000000, -27.65000000000000568 ) ) ;
#565 = APPROVAL_DATE_TIME ( #790, #1429 ) ;
#566 = EDGE_LOOP ( 'NONE', ( #311, #140, #1781, #551 ) ) ;
#567 = CARTESIAN_POINT ( 'NONE',  ( 1.753809951721604324E-15, -11.00000000000000000, 3.792740578363081649 ) ) ;
#568 = LINE ( 'NONE', #2781, #299 ) ;
#569 = CARTESIAN_POINT ( 'NONE',  ( 65.00000000000000000, 13.00000000000000178, -3.999999999999999112 ) ) ;
#570 = DIRECTION ( 'NONE',  ( -0.000000000000000000, -1.000000000000000000, 0.000000000000000000 ) ) ;
#571 = ORIENTED_EDGE ( 'NONE', *, *, #126, .F. ) ;
#572 = APPROVAL ( #1881, 'æœª' ) ;
#573 = ADVANCED_FACE ( 'NONE', ( #1291 ), #2185, .T. ) ;
#574 = CARTESIAN_POINT ( 'NONE',  ( 0.000000000000000000, 8.000000000000000000, 0.000000000000000000 ) ) ;
#575 = PERSON ( 'æœª', 'æœª', 'æœª', ('æœª'), ('æœª'), ('æœª') ) ;
#576 = CIRCLE ( 'NONE', #1364, 4.000000000000000000 ) ;
#577 = ORIENTED_EDGE ( 'NONE', *, *, #1734, .T. ) ;
#578 = VECTOR ( 'NONE', #1915, 1000.000000000000000 ) ;
#579 = DIRECTION ( 'NONE',  ( -0.000000000000000000, -1.000000000000000000, -0.000000000000000000 ) ) ;
#580 = ADVANCED_FACE ( 'NONE', ( #2368 ), #2161, .F. ) ;
#581 = CIRCLE ( 'NONE', #1366, 2.000000000000001776 ) ;
#582 = PERSON_AND_ORGANIZATION ( #575, #2301 ) ;
#583 = ORIENTED_EDGE ( 'NONE', *, *, #614, .F. ) ;
#584 = CYLINDRICAL_SURFACE ( 'NONE', #2081, 2.000000000000001776 ) ;
#585 = VERTEX_POINT ( 'NONE', #369 ) ;
#586 = FACE_OUTER_BOUND ( 'NONE', #1474, .T. ) ;
#587 = VECTOR ( 'NONE', #177, 1000.000000000000000 ) ;
#588 = CARTESIAN_POINT ( 'NONE',  ( 49.80000000000002558, 8.000000000000000000, -37.75000000000000000 ) ) ;
#589 = DIRECTION ( 'NONE',  ( 1.000000000000000000, 0.000000000000000000, -5.337610695313257301E-16 ) ) ;
#590 = CARTESIAN_POINT ( 'NONE',  ( 58.50000000000000711, 8.000000000000000000, -5.000000000000005329 ) ) ;
#591 = ORIENTED_EDGE ( 'NONE', *, *, #2710, .F. ) ;
#592 = EDGE_LOOP ( 'NONE', ( #1426, #420, #1927, #1367 ) ) ;
#593 = FACE_OUTER_BOUND ( 'NONE', #1522, .T. ) ;
#594 = ADVANCED_FACE ( 'NONE', ( #2343 ), #340, .F. ) ;
#595 = VERTEX_POINT ( 'NONE', #1523 ) ;
#596 = CARTESIAN_POINT ( 'NONE',  ( -1.623724537389400140E-14, -13.82842712474625380, -35.10050506338829024 ) ) ;
#597 = AXIS2_PLACEMENT_3D ( 'NONE', #215, #1559, #31 ) ;
#598 = ADVANCED_FACE ( 'NONE', ( #1802 ), #2852, .T. ) ;
#599 = ORIENTED_EDGE ( 'NONE', *, *, #970, .F. ) ;
#600 = DIRECTION ( 'NONE',  ( 0.000000000000000000, 0.000000000000000000, -1.000000000000000000 ) ) ;
#601 = DIRECTION ( 'NONE',  ( 4.336808689942017736E-16, 0.000000000000000000, 1.000000000000000000 ) ) ;
#602 = VECTOR ( 'NONE', #1143, 1000.000000000000000 ) ;
#603 = PLANE ( 'NONE',  #1706 ) ;
#604 = DIRECTION ( 'NONE',  ( 4.625929269271486900E-16, 5.410052375805034242E-17, 1.000000000000000000 ) ) ;
#605 = CARTESIAN_POINT ( 'NONE',  ( 49.80000000000002558, 0.000000000000000000, -35.50000000000000000 ) ) ;
#606 = ORIENTED_EDGE ( 'NONE', *, *, #2169, .F. ) ;
#607 = CARTESIAN_POINT ( 'NONE',  ( 12.40000000000000746, 5.000000000000000000, -17.90000000000000213 ) ) ;
#608 = CIRCLE ( 'NONE', #228, 1.250000000000007994 ) ;
#609 = VERTEX_POINT ( 'NONE', #2439 ) ;
#610 = LINE ( 'NONE', #352, #508 ) ;
#611 = VECTOR ( 'NONE', #482, 1000.000000000000000 ) ;
#612 = VERTEX_POINT ( 'NONE', #2654 ) ;
#613 = CARTESIAN_POINT ( 'NONE',  ( 12.40000000000000746, 8.000000000000000000, -15.10000000000000497 ) ) ;
#614 = EDGE_CURVE ( 'NONE', #2329, #1219, #2197, .T. ) ;
#615 = EDGE_CURVE ( 'NONE', #2109, #20, #424, .T. ) ;
#616 = ORIENTED_EDGE ( 'NONE', *, *, #1375, .F. ) ;
#617 = FACE_OUTER_BOUND ( 'NONE', #2131, .T. ) ;
#618 = CARTESIAN_POINT ( 'NONE',  ( 8.500000000000007105, 13.00000000000000178, -5.000000000000013323 ) ) ;
#619 = DIRECTION ( 'NONE',  ( 0.000000000000000000, 0.000000000000000000, 1.000000000000000000 ) ) ;
#620 = VERTEX_POINT ( 'NONE', #868 ) ;
#621 = PLANE ( 'NONE',  #112 ) ;
#622 = ORIENTED_EDGE ( 'NONE', *, *, #1896, .T. ) ;
#623 = CARTESIAN_POINT ( 'NONE',  ( 49.75000000000000000, 5.000000000000000000, -26.25000000000000355 ) ) ;
#624 = CARTESIAN_POINT ( 'NONE',  ( 65.00000000000000000, 13.00000000000000178, 2.602085213965210642E-15 ) ) ;
#625 = ORIENTED_EDGE ( 'NONE', *, *, #2427, .F. ) ;
#626 = VECTOR ( 'NONE', #1302, 999.9999999999998863 ) ;
#627 = ORIENTED_EDGE ( 'NONE', *, *, #1100, .T. ) ;
#628 = LINE ( 'NONE', #1338, #1379 ) ;
#629 = DIRECTION ( 'NONE',  ( 0.000000000000000000, 1.000000000000000000, -0.000000000000000000 ) ) ;
#630 = ORIENTED_EDGE ( 'NONE', *, *, #2315, .T. ) ;
#631 = VECTOR ( 'NONE', #2010, 1000.000000000000000 ) ;
#632 = EDGE_CURVE ( 'NONE', #85, #966, #1347, .T. ) ;
#633 = EDGE_LOOP ( 'NONE', ( #79, #2386, #599, #1350, #2280, #2719, #1301 ) ) ;
#634 = DIRECTION ( 'NONE',  ( -1.000000000000000000, 0.000000000000000000, 6.938893903907233900E-15 ) ) ;
#635 = CARTESIAN_POINT ( 'NONE',  ( 40.50000000000000711, 13.00000000000000178, 0.000000000000000000 ) ) ;
#636 = ORIENTED_EDGE ( 'NONE', *, *, #1045, .F. ) ;
#637 = ORIENTED_EDGE ( 'NONE', *, *, #1785, .F. ) ;
#638 = CARTESIAN_POINT ( 'NONE',  ( 8.500000000000007105, 13.00000000000000178, -27.99999999999998224 ) ) ;
#639 = VECTOR ( 'NONE', #2137, 1000.000000000000000 ) ;
#640 = DIRECTION ( 'NONE',  ( 0.000000000000000000, 0.000000000000000000, 1.000000000000000000 ) ) ;
#641 = CARTESIAN_POINT ( 'NONE',  ( 49.80000000000001847, 8.000000000000000000, -55.50000000000000000 ) ) ;
#642 = VECTOR ( 'NONE', #872, 1000.000000000000000 ) ;
#643 = PLANE ( 'NONE',  #1328 ) ;
#644 = CARTESIAN_POINT ( 'NONE',  ( 60.00000000000000711, -6.999999999999999112, -3.349592906749729630E-14 ) ) ;
#645 = VERTEX_POINT ( 'NONE', #1119 ) ;
#646 = VECTOR ( 'NONE', #895, 1000.000000000000000 ) ;
#647 = EDGE_CURVE ( 'NONE', #153, #2502, #238, .T. ) ;
#648 = ORIENTED_EDGE ( 'NONE', *, *, #2499, .T. ) ;
#649 = LINE ( 'NONE', #885, #287 ) ;
#650 = DIRECTION ( 'NONE',  ( 2.502651963352824600E-32, -1.000000000000000000, 5.410052375805033626E-17 ) ) ;
#651 = CALENDAR_DATE ( 2025, 24, 4 ) ;
#652 = ORIENTED_EDGE ( 'NONE', *, *, #2405, .T. ) ;
#653 = CARTESIAN_POINT ( 'NONE',  ( 4.000000000000000888, 5.000000000000000000, -60.00000000000000000 ) ) ;
#654 = VECTOR ( 'NONE', #2245, 1000.000000000000000 ) ;
#655 = ORIENTED_EDGE ( 'NONE', *, *, #2600, .T. ) ;
#656 = CARTESIAN_POINT ( 'NONE',  ( -8.673617379884049277E-16, 8.000000000000000000, -4.999999999999991118 ) ) ;
#657 = DIRECTION ( 'NONE',  ( 0.000000000000000000, 0.000000000000000000, 1.000000000000000000 ) ) ;
#658 = LINE ( 'NONE', #474, #602 ) ;
#659 = CARTESIAN_POINT ( 'NONE',  ( -3.523657060577889411E-16, 8.000000000000000000, -2.999999999999998224 ) ) ;
#660 = ORIENTED_EDGE ( 'NONE', *, *, #1304, .T. ) ;
#661 = ADVANCED_FACE ( 'NONE', ( #1786 ), #1105, .F. ) ;
#662 = ORIENTED_EDGE ( 'NONE', *, *, #78, .F. ) ;
#663 = EDGE_CURVE ( 'NONE', #840, #85, #209, .T. ) ;
#664 = DIRECTION ( 'NONE',  ( -0.000000000000000000, -1.000000000000000000, -0.000000000000000000 ) ) ;
#665 = CIRCLE ( 'NONE', #2295, 1.400000000000001910 ) ;
#666 = CYLINDRICAL_SURFACE ( 'NONE', #2678, 1.250000000000001110 ) ;
#667 = EDGE_CURVE ( 'NONE', #2109, #2587, #2408, .T. ) ;
#668 = EDGE_CURVE ( 'NONE', #2679, #366, #2672, .T. ) ;
#669 = EDGE_LOOP ( 'NONE', ( #2652, #1398 ) ) ;
#670 = EDGE_CURVE ( 'NONE', #716, #2302, #649, .T. ) ;
#671 = CARTESIAN_POINT ( 'NONE',  ( 4.000000000000000888, 0.000000000000000000, -60.00000000000000000 ) ) ;
#672 = VECTOR ( 'NONE', #1886, 1000.000000000000000 ) ;
#673 = ORIENTED_EDGE ( 'NONE', *, *, #2011, .T. ) ;
#674 = ADVANCED_FACE ( 'NONE', ( #1757 ), #2039, .T. ) ;
#675 = LINE ( 'NONE', #638, #2627 ) ;
#676 = LINE ( 'NONE', #15, #231 ) ;
#677 = DIRECTION ( 'NONE',  ( 0.000000000000000000, 0.000000000000000000, -1.000000000000000000 ) ) ;
#678 = DIRECTION ( 'NONE',  ( 0.000000000000000000, 0.000000000000000000, -1.000000000000000000 ) ) ;
#679 = ORIENTED_EDGE ( 'NONE', *, *, #2605, .T. ) ;
#680 = AXIS2_PLACEMENT_3D ( 'NONE', #330, #2062, #74 ) ;
#681 = LINE ( 'NONE', #422, #301 ) ;
#682 = PLANE ( 'NONE',  #1307 ) ;
#683 = ORIENTED_EDGE ( 'NONE', *, *, #761, .T. ) ;
#684 = PLANE ( 'NONE',  #805 ) ;
#685 = AXIS2_PLACEMENT_3D ( 'NONE', #1818, #713, #54 ) ;
#686 = LINE ( 'NONE', #1567, #778 ) ;
#687 = VERTEX_POINT ( 'NONE', #1977 ) ;
#688 = CARTESIAN_POINT ( 'NONE',  ( 49.80000000000002558, 0.000000000000000000, -34.24999999999999289 ) ) ;
#689 = EDGE_CURVE ( 'NONE', #2558, #373, #1320, .T. ) ;
#690 = VERTEX_POINT ( 'NONE', #2686 ) ;
#691 = CARTESIAN_POINT ( 'NONE',  ( 64.00000000000001421, 5.000000000000000000, -35.00000000000000000 ) ) ;
#692 = DIRECTION ( 'NONE',  ( 0.000000000000000000, 1.000000000000000000, -0.000000000000000000 ) ) ;
#693 = DIRECTION ( 'NONE',  ( -1.000000000000000000, 0.000000000000000000, 1.174552353525963794E-16 ) ) ;
#694 = FACE_OUTER_BOUND ( 'NONE', #1076, .T. ) ;
#695 = CARTESIAN_POINT ( 'NONE',  ( 0.000000000000000000, 13.00000000000000178, -58.00000000000000000 ) ) ;
#696 = ORIENTED_EDGE ( 'NONE', *, *, #1580, .F. ) ;
#697 = DIRECTION ( 'NONE',  ( -1.000000000000000000, 0.000000000000000000, -0.000000000000000000 ) ) ;
#698 = FACE_BOUND ( 'NONE', #669, .T. ) ;
#699 = VERTEX_POINT ( 'NONE', #854 ) ;
#700 = FACE_OUTER_BOUND ( 'NONE', #1533, .T. ) ;
#701 = ORIENTED_EDGE ( 'NONE', *, *, #1223, .T. ) ;
#702 = CARTESIAN_POINT ( 'NONE',  ( 28.50000000000001066, 13.00000000000000178, -2.999999999999999112 ) ) ;
#703 = ADVANCED_FACE ( 'NONE', ( #2868 ), #684, .T. ) ;
#704 = VECTOR ( 'NONE', #2306, 1000.000000000000000 ) ;
#705 = DIRECTION ( 'NONE',  ( 0.000000000000000000, 0.000000000000000000, 1.000000000000000000 ) ) ;
#706 = CARTESIAN_POINT ( 'NONE',  ( 50.65000000000000568, 8.000000000000000000, -28.00000000000000711 ) ) ;
#707 = CARTESIAN_POINT ( 'NONE',  ( 10.50000000000002132, 13.00000000000000178, -30.00000000000000000 ) ) ;
#708 = LINE ( 'NONE', #1641, #2000 ) ;
#709 = EDGE_CURVE ( 'NONE', #2294, #374, #1583, .T. ) ;
#710 = DIRECTION ( 'NONE',  ( -0.000000000000000000, -1.000000000000000000, -0.000000000000000000 ) ) ;
#711 = ORIENTED_EDGE ( 'NONE', *, *, #1326, .T. ) ;
#712 = DIRECTION ( 'NONE',  ( -1.000000000000000000, 0.000000000000000000, 4.625929269271485914E-16 ) ) ;
#713 = DIRECTION ( 'NONE',  ( -0.000000000000000000, -1.000000000000000000, -0.000000000000000000 ) ) ;
#714 = EDGE_LOOP ( 'NONE', ( #1056, #427, #1793, #1708 ) ) ;
#715 = CARTESIAN_POINT ( 'NONE',  ( 40.50000000000000711, 5.000000000000000000, 0.000000000000000000 ) ) ;
#716 = VERTEX_POINT ( 'NONE', #467 ) ;
#717 = CARTESIAN_POINT ( 'NONE',  ( 10.50000000000002132, 13.00000000000000178, -2.999999999999999556 ) ) ;
#718 = CIRCLE ( 'NONE', #2205, 2.250000000000001776 ) ;
#719 = CARTESIAN_POINT ( 'NONE',  ( -1.492883499165750635E-14, -7.000000000000000888, -32.27207793864207730 ) ) ;
#720 = DIRECTION ( 'NONE',  ( 0.000000000000000000, 1.000000000000000000, -0.000000000000000000 ) ) ;
#721 = DIRECTION ( 'NONE',  ( 0.000000000000000000, 0.000000000000000000, -1.000000000000000000 ) ) ;
#722 = AXIS2_PLACEMENT_3D ( 'NONE', #2123, #2783, #808 ) ;
#723 = ORIENTED_EDGE ( 'NONE', *, *, #78, .T. ) ;
#724 = APPROVAL_PERSON_ORGANIZATION ( #1122, #1950, #1552 ) ;
#725 = ADVANCED_FACE ( 'NONE', ( #1360 ), #2624, .T. ) ;
#726 = EDGE_CURVE ( 'NONE', #1353, #873, #2731, .T. ) ;
#727 = ORIENTED_EDGE ( 'NONE', *, *, #2617, .F. ) ;
#728 = DIRECTION ( 'NONE',  ( 0.000000000000000000, 0.000000000000000000, -1.000000000000000000 ) ) ;
#729 = FACE_BOUND ( 'NONE', #2073, .T. ) ;
#730 = EDGE_CURVE ( 'NONE', #413, #2580, #2498, .T. ) ;
#731 = VECTOR ( 'NONE', #1750, 1000.000000000000000 ) ;
#732 = ORIENTED_EDGE ( 'NONE', *, *, #376, .F. ) ;
#733 = CARTESIAN_POINT ( 'NONE',  ( -1.492810866240978918E-14, -11.00000000000000355, -32.27207793864216967 ) ) ;
#734 = EDGE_LOOP ( 'NONE', ( #1920, #1239, #1439, #2404 ) ) ;
#735 = CARTESIAN_POINT ( 'NONE',  ( 12.40000000000000924, 8.000000000000000000, -7.966878185967565045E-16 ) ) ;
#736 = VECTOR ( 'NONE', #57, 1000.000000000000000 ) ;
#737 = CARTESIAN_POINT ( 'NONE',  ( 49.80000000000002558, 8.000000000000000000, -35.50000000000000000 ) ) ;
#738 = CARTESIAN_POINT ( 'NONE',  ( 49.80000000000002558, 5.000000000000000000, -35.50000000000000000 ) ) ;
#739 = CARTESIAN_POINT ( 'NONE',  ( 0.000000000000000000, 8.000000000000000000, 0.000000000000000000 ) ) ;
#740 = ORIENTED_EDGE ( 'NONE', *, *, #1340, .T. ) ;
#741 = EDGE_LOOP ( 'NONE', ( #2057, #1274, #1707, #222, #1790, #212, #1660, #1118 ) ) ;
#742 = CARTESIAN_POINT ( 'NONE',  ( 64.00000000000001421, 13.00000000000000178, -35.00000000000000000 ) ) ;
#743 = ADVANCED_FACE ( 'NONE', ( #2282 ), #944, .T. ) ;
#744 = CIRCLE ( 'NONE', #1524, 3.999999999999996447 ) ;
#745 = DIRECTION ( 'NONE',  ( 0.000000000000000000, 1.000000000000000000, -0.000000000000000000 ) ) ;
#746 = ORIENTED_EDGE ( 'NONE', *, *, #2447, .T. ) ;
#747 = PLANE ( 'NONE',  #93 ) ;
#748 = AXIS2_PLACEMENT_3D ( 'NONE', #2020, #282, #297 ) ;
#749 = ORIENTED_EDGE ( 'NONE', *, *, #2250, .T. ) ;
#750 = CARTESIAN_POINT ( 'NONE',  ( 3.999999999999973355, 13.00000000000000178, -56.00000000000000000 ) ) ;
#751 = AXIS2_PLACEMENT_3D ( 'NONE', #623, #1953, #1907 ) ;
#752 = CARTESIAN_POINT ( 'NONE',  ( 55.64999999999999147, 8.000000000000000000, 0.000000000000000000 ) ) ;
#753 = DIRECTION ( 'NONE',  ( 0.000000000000000000, 1.000000000000000000, -0.000000000000000000 ) ) ;
#754 = DIRECTION ( 'NONE',  ( 0.000000000000000000, 0.000000000000000000, 1.000000000000000000 ) ) ;
#755 = EDGE_LOOP ( 'NONE', ( #1450, #2206, #351, #2085 ) ) ;
#756 = VECTOR ( 'NONE', #2859, 1000.000000000000000 ) ;
#757 = ORIENTED_EDGE ( 'NONE', *, *, #1536, .T. ) ;
#758 = VERTEX_POINT ( 'NONE', #285 ) ;
#759 = CARTESIAN_POINT ( 'NONE',  ( 0.000000000000000000, 13.00000000000000178, -58.00000000000000000 ) ) ;
#760 = EDGE_CURVE ( 'NONE', #1555, #972, #1611, .T. ) ;
#761 = EDGE_CURVE ( 'NONE', #2109, #2380, #2068, .T. ) ;
#762 = ORIENTED_EDGE ( 'NONE', *, *, #1984, .T. ) ;
#763 = DIRECTION ( 'NONE',  ( 4.336808689942019708E-16, -1.734723475976807883E-15, 1.000000000000000000 ) ) ;
#764 = DIRECTION ( 'NONE',  ( 0.000000000000000000, 0.000000000000000000, 1.000000000000000000 ) ) ;
#765 = AXIS2_PLACEMENT_3D ( 'NONE', #865, #570, #1029 ) ;
#766 = EDGE_CURVE ( 'NONE', #2608, #2361, #1408, .T. ) ;
#767 = DIRECTION ( 'NONE',  ( -0.000000000000000000, -1.000000000000000000, -0.000000000000000000 ) ) ;
#768 = DIRECTION ( 'NONE',  ( 0.000000000000000000, 1.000000000000000000, -0.000000000000000000 ) ) ;
#769 = DIRECTION ( 'NONE',  ( -0.000000000000000000, -1.000000000000000000, -0.000000000000000000 ) ) ;
#770 = CARTESIAN_POINT ( 'NONE',  ( 0.000000000000000000, 13.00000000000000178, 0.000000000000000000 ) ) ;
#771 = CARTESIAN_POINT ( 'NONE',  ( 69.00000000000000000, -33.32828037204368599, -8.479695951460849201 ) ) ;
#772 = CC_DESIGN_APPROVAL ( #572, ( #1910 ) ) ;
#773 = VERTEX_POINT ( 'NONE', #1848 ) ;
#774 = ORIENTED_EDGE ( 'NONE', *, *, #1308, .T. ) ;
#775 = AXIS2_PLACEMENT_3D ( 'NONE', #1227, #1201, #2277 ) ;
#776 = ORIENTED_EDGE ( 'NONE', *, *, #198, .T. ) ;
#777 = LINE ( 'NONE', #2330, #1659 ) ;
#778 = VECTOR ( 'NONE', #2687, 999.9999999999998863 ) ;
#779 = EDGE_CURVE ( 'NONE', #374, #716, #2283, .T. ) ;
#780 = COORDINATED_UNIVERSAL_TIME_OFFSET ( 8, 0, .AHEAD. ) ;
#781 = CARTESIAN_POINT ( 'NONE',  ( 50.64999999999999858, 5.000000000000000000, -3.000000000000004441 ) ) ;
#782 = DIRECTION ( 'NONE',  ( 0.000000000000000000, 0.000000000000000000, 1.000000000000000000 ) ) ;
#783 = LINE ( 'NONE', #1667, #1276 ) ;
#784 = DIRECTION ( 'NONE',  ( 0.000000000000000000, 0.000000000000000000, 1.000000000000000000 ) ) ;
#785 = DIRECTION ( 'NONE',  ( -0.000000000000000000, -1.000000000000000000, -0.000000000000000000 ) ) ;
#786 = VERTEX_POINT ( 'NONE', #2514 ) ;
#787 = VERTEX_POINT ( 'NONE', #517 ) ;
#788 = AXIS2_PLACEMENT_3D ( 'NONE', #924, #488, #763 ) ;
#789 = FACE_OUTER_BOUND ( 'NONE', #2395, .T. ) ;
#790 = DATE_AND_TIME ( #2776, #1139 ) ;
#791 = AXIS2_PLACEMENT_3D ( 'NONE', #2659, #441, #2242 ) ;
#792 = VERTEX_POINT ( 'NONE', #2298 ) ;
#793 = DIRECTION ( 'NONE',  ( 0.000000000000000000, 0.000000000000000000, 1.000000000000000000 ) ) ;
#794 = AXIS2_PLACEMENT_3D ( 'NONE', #877, #280, #677 ) ;
#795 = EDGE_CURVE ( 'NONE', #1174, #2668, #1911, .T. ) ;
#796 = PLANE ( 'NONE',  #1754 ) ;
#797 = DIRECTION ( 'NONE',  ( 0.000000000000000000, 0.000000000000000000, 1.000000000000000000 ) ) ;
#798 = EDGE_CURVE ( 'NONE', #1318, #516, #1497, .T. ) ;
#799 = EDGE_CURVE ( 'NONE', #1133, #2080, #266, .T. ) ;
#800 = ORIENTED_EDGE ( 'NONE', *, *, #1878, .T. ) ;
#801 = EDGE_LOOP ( 'NONE', ( #1861, #1040, #258, #833 ) ) ;
#802 = DIRECTION ( 'NONE',  ( -3.469446951953616654E-16, 0.000000000000000000, -1.000000000000000000 ) ) ;
#803 = DATE_AND_TIME ( #328, #2388 ) ;
#804 = ORIENTED_EDGE ( 'NONE', *, *, #142, .T. ) ;
#805 = AXIS2_PLACEMENT_3D ( 'NONE', #1566, #2456, #697 ) ;
#806 = ORIENTED_EDGE ( 'NONE', *, *, #1205, .T. ) ;
#807 = DIRECTION ( 'NONE',  ( 0.000000000000000000, 0.000000000000000000, -1.000000000000000000 ) ) ;
#808 = DIRECTION ( 'NONE',  ( -1.000000000000000000, 0.000000000000000000, -0.000000000000000000 ) ) ;
#809 = DIRECTION ( 'NONE',  ( 3.016910393003145324E-16, 0.000000000000000000, 1.000000000000000000 ) ) ;
#810 = PLANE ( 'NONE',  #1645 ) ;
#811 = CARTESIAN_POINT ( 'NONE',  ( 49.80000000000002558, 0.000000000000000000, -36.75000000000000000 ) ) ;
#812 = ORIENTED_EDGE ( 'NONE', *, *, #919, .T. ) ;
#813 = FACE_OUTER_BOUND ( 'NONE', #1776, .T. ) ;
#814 = EDGE_CURVE ( 'NONE', #792, #1168, #676, .T. ) ;
#815 = AXIS2_PLACEMENT_3D ( 'NONE', #2293, #2711, #721 ) ;
#816 = ORIENTED_EDGE ( 'NONE', *, *, #875, .F. ) ;
#817 = DIRECTION ( 'NONE',  ( 1.000000000000000000, 0.000000000000000000, -1.174552353525963794E-16 ) ) ;
#818 = AXIS2_PLACEMENT_3D ( 'NONE', #491, #2061, #2320 ) ;
#819 = EDGE_CURVE ( 'NONE', #2608, #2143, #925, .T. ) ;
#820 = ORIENTED_EDGE ( 'NONE', *, *, #1339, .T. ) ;
#821 = FACE_OUTER_BOUND ( 'NONE', #592, .T. ) ;
#822 = ORIENTED_EDGE ( 'NONE', *, *, #1362, .F. ) ;
#823 = DIRECTION ( 'NONE',  ( -0.000000000000000000, -1.000000000000000000, -0.000000000000000000 ) ) ;
#824 = AXIS2_PLACEMENT_3D ( 'NONE', #268, #2702, #453 ) ;
#825 = LINE ( 'NONE', #2107, #2845 ) ;
#826 = CARTESIAN_POINT ( 'NONE',  ( 66.00000000000001421, 5.000000000000000000, -35.00000000000001421 ) ) ;
#827 = CARTESIAN_POINT ( 'NONE',  ( 9.000000000000001776, -11.00000000000000000, 3.792740578363077208 ) ) ;
#828 = ORIENTED_EDGE ( 'NONE', *, *, #1271, .F. ) ;
#829 = CC_DESIGN_PERSON_AND_ORGANIZATION_ASSIGNMENT ( #1213, #2103, ( #2777 ) ) ;
#830 = ORIENTED_EDGE ( 'NONE', *, *, #2078, .T. ) ;
#831 = EDGE_CURVE ( 'NONE', #272, #1313, #1341, .T. ) ;
#832 = PLANE ( 'NONE',  #981 ) ;
#833 = ORIENTED_EDGE ( 'NONE', *, *, #2235, .T. ) ;
#834 = CARTESIAN_POINT ( 'NONE',  ( 58.50000000000000000, 8.000000000000000000, -28.00000000000000355 ) ) ;
#835 = VERTEX_POINT ( 'NONE', #217 ) ;
#836 = DIRECTION ( 'NONE',  ( 0.000000000000000000, 0.000000000000000000, -1.000000000000000000 ) ) ;
#837 = VECTOR ( 'NONE', #2211, 1000.000000000000000 ) ;
#838 = DIRECTION ( 'NONE',  ( 1.000000000000000000, 0.000000000000000000, 0.000000000000000000 ) ) ;
#839 = CARTESIAN_POINT ( 'NONE',  ( 60.00000000000000711, 0.000000000000000000, -3.444268823326317668E-14 ) ) ;
#840 = VERTEX_POINT ( 'NONE', #2664 ) ;
#841 = DIRECTION ( 'NONE',  ( 0.000000000000000000, -0.8660254037844381525, -0.5000000000000007772 ) ) ;
#842 = ORIENTED_EDGE ( 'NONE', *, *, #1845, .F. ) ;
#843 = CARTESIAN_POINT ( 'NONE',  ( 68.99999999999998579, -27.99999999999997158, -28.00000000000010658 ) ) ;
#844 = LINE ( 'NONE', #1036, #1024 ) ;
#845 = AXIS2_PLACEMENT_3D ( 'NONE', #605, #2823, #134 ) ;
#846 = ORIENTED_EDGE ( 'NONE', *, *, #324, .F. ) ;
#847 = EDGE_CURVE ( 'NONE', #2251, #2125, #473, .T. ) ;
#848 = ORIENTED_EDGE ( 'NONE', *, *, #647, .F. ) ;
#849 = DIRECTION ( 'NONE',  ( 1.000000000000000000, 0.000000000000000000, -5.687904037542768540E-16 ) ) ;
#850 = EDGE_CURVE ( 'NONE', #2760, #1833, #2007, .T. ) ;
#851 = DIRECTION ( 'NONE',  ( 1.000000000000000000, -0.000000000000000000, 0.000000000000000000 ) ) ;
#852 = ORIENTED_EDGE ( 'NONE', *, *, #863, .T. ) ;
#853 = EDGE_LOOP ( 'NONE', ( #923, #1850, #1894, #1615, #2189, #1548 ) ) ;
#854 = CARTESIAN_POINT ( 'NONE',  ( 50.65000000000000568, 8.000000000000000000, -28.00000000000000711 ) ) ;
#855 = VECTOR ( 'NONE', #2577, 1000.000000000000000 ) ;
#856 = DIRECTION ( 'NONE',  ( 4.336808689942017736E-16, 0.000000000000000000, 1.000000000000000000 ) ) ;
#857 = COORDINATED_UNIVERSAL_TIME_OFFSET ( 8, 0, .AHEAD. ) ;
#858 = AXIS2_PLACEMENT_3D ( 'NONE', #2152, #2350, #1230 ) ;
#859 = ORIENTED_EDGE ( 'NONE', *, *, #2861, .T. ) ;
#860 = AXIS2_PLACEMENT_3D ( 'NONE', #80, #97, #988 ) ;
#861 = ORIENTED_EDGE ( 'NONE', *, *, #338, .F. ) ;
#862 = PLANE ( 'NONE',  #2736 ) ;
#863 = EDGE_CURVE ( 'NONE', #2008, #2580, #2375, .T. ) ;
#864 = CARTESIAN_POINT ( 'NONE',  ( 28.50000000000001066, 13.00000000000000178, -2.999999999999999112 ) ) ;
#865 = CARTESIAN_POINT ( 'NONE',  ( 12.40000000000000746, 8.000000000000000000, -16.50000000000000355 ) ) ;
#866 = ORIENTED_EDGE ( 'NONE', *, *, #2842, .F. ) ;
#867 = EDGE_LOOP ( 'NONE', ( #2412, #2851, #1082, #2318 ) ) ;
#868 = CARTESIAN_POINT ( 'NONE',  ( 8.450624085883139347E-15, -3.000000000000026201, 18.26794919243110371 ) ) ;
#869 = VECTOR ( 'NONE', #444, 1000.000000000000000 ) ;
#870 = LINE ( 'NONE', #2829, #2460 ) ;
#871 = ORIENTED_EDGE ( 'NONE', *, *, #2749, .F. ) ;
#872 = DIRECTION ( 'NONE',  ( -1.000000000000000000, 0.000000000000000000, 4.625929269271485914E-16 ) ) ;
#873 = VERTEX_POINT ( 'NONE', #2451 ) ;
#874 = AXIS2_PLACEMENT_3D ( 'NONE', #1354, #2616, #1514 ) ;
#875 = EDGE_CURVE ( 'NONE', #2668, #2196, #2050, .T. ) ;
#876 = DIRECTION ( 'NONE',  ( 0.000000000000000000, 1.000000000000000000, -0.000000000000000000 ) ) ;
#877 = CARTESIAN_POINT ( 'NONE',  ( 10.50000000000000711, 13.00000000000000178, -4.999999999999999112 ) ) ;
#878 = DIRECTION ( 'NONE',  ( -0.000000000000000000, -1.000000000000000000, -0.000000000000000000 ) ) ;
#879 = ORIENTED_EDGE ( 'NONE', *, *, #2309, .F. ) ;
#880 = CIRCLE ( 'NONE', #1579, 2.000000000000001776 ) ;
#881 = CLOSED_SHELL ( 'NONE', ( #275, #152, #674, #562, #2796, #1151, #2429, #290, #2218, #1310, #2130, #2485, #2524, #236, #558, #1131, #2692, #2733, #905, #541, #598, #96, #216, #1553, #573, #1681, #2134, #1278, #594, #2060, #1413, #2135, #580, #1649, #426, #1455, #463, #2006, #703, #359, #2421, #2304, #1505, #1012, #2390, #2249, #973, #2005, #391, #2360, #743, #1737, #1493, #1939, #1452, #725, #5, #2198, #1755, #1097, #2515, #1632, #2729, #936, #2697, #2325, #1520, #309, #883, #978, #2732, #253, #2584, #2601, #2093, #2024, #1031, #1863, #1521, #1824, #2449, #661, #990 ) ) ;
#882 = EDGE_CURVE ( 'NONE', #1195, #1555, #1778, .T. ) ;
#883 = ADVANCED_FACE ( 'NONE', ( #1111 ), #1985, .F. ) ;
#884 = ORIENTED_EDGE ( 'NONE', *, *, #1289, .F. ) ;
#885 = CARTESIAN_POINT ( 'NONE',  ( 66.00000000000001421, 13.00000000000000178, -35.00000000000001421 ) ) ;
#886 = VECTOR ( 'NONE', #534, 1000.000000000000000 ) ;
#887 = CARTESIAN_POINT ( 'NONE',  ( 10.50000000000002132, 8.000000000000000000, -2.999999999999999556 ) ) ;
#888 = DATE_TIME_ROLE ( 'classification_date' ) ;
#889 = ORIENTED_EDGE ( 'NONE', *, *, #2582, .T. ) ;
#890 = DIRECTION ( 'NONE',  ( -0.000000000000000000, -1.000000000000000000, 0.000000000000000000 ) ) ;
#891 = AXIS2_PLACEMENT_3D ( 'NONE', #2715, #2266, #728 ) ;
#892 = ORIENTED_EDGE ( 'NONE', *, *, #668, .F. ) ;
#893 = LINE ( 'NONE', #1084, #1857 ) ;
#894 = LINE ( 'NONE', #418, #2810 ) ;
#895 = DIRECTION ( 'NONE',  ( -0.000000000000000000, -1.000000000000000000, -0.000000000000000000 ) ) ;
#896 = EDGE_LOOP ( 'NONE', ( #1068, #2837, #423, #2327, #505, #180 ) ) ;
#897 = AXIS2_PLACEMENT_3D ( 'NONE', #2023, #664, #451 ) ;
#898 = ORIENTED_EDGE ( 'NONE', *, *, #1592, .T. ) ;
#899 = DIRECTION ( 'NONE',  ( -0.000000000000000000, -1.000000000000000000, -0.000000000000000000 ) ) ;
#900 = EDGE_CURVE ( 'NONE', #687, #398, #1400, .T. ) ;
#901 = CIRCLE ( 'NONE', #1877, 2.250000000000001776 ) ;
#902 = PLANE ( 'NONE',  #1515 ) ;
#903 = ORIENTED_EDGE ( 'NONE', *, *, #327, .T. ) ;
#904 = CARTESIAN_POINT ( 'NONE',  ( 49.80000000000002558, 8.000000000000000000, -35.50000000000000000 ) ) ;
#905 = ADVANCED_FACE ( 'NONE', ( #1 ), #909, .F. ) ;
#906 = VECTOR ( 'NONE', #1577, 1000.000000000000000 ) ;
#907 = ORIENTED_EDGE ( 'NONE', *, *, #831, .F. ) ;
#908 = FACE_OUTER_BOUND ( 'NONE', #1756, .T. ) ;
#909 = CYLINDRICAL_SURFACE ( 'NONE', #1283, 1.400000000000001910 ) ;
#910 = CYLINDRICAL_SURFACE ( 'NONE', #224, 2.000000000000001776 ) ;
#911 = LINE ( 'NONE', #644, #2435 ) ;
#912 = DIRECTION ( 'NONE',  ( 1.000000000000000000, 0.000000000000000000, -3.469446951953616161E-16 ) ) ;
#913 = VECTOR ( 'NONE', #2525, 1000.000000000000000 ) ;
#914 = DIRECTION ( 'NONE',  ( -1.000000000000000000, 0.000000000000000000, 4.625929269271485914E-16 ) ) ;
#915 = ORIENTED_EDGE ( 'NONE', *, *, #2764, .T. ) ;
#916 = CARTESIAN_POINT ( 'NONE',  ( 60.00000000000000711, -6.999999999999999112, -3.349592906749729630E-14 ) ) ;
#917 = AXIS2_PLACEMENT_3D ( 'NONE', #2371, #1240, #357 ) ;
#918 = DIRECTION ( 'NONE',  ( 1.000000000000000000, 0.000000000000000000, 0.000000000000000000 ) ) ;
#919 = EDGE_CURVE ( 'NONE', #1973, #496, #1142, .T. ) ;
#920 = ORIENTED_EDGE ( 'NONE', *, *, #1540, .F. ) ;
#921 = CARTESIAN_POINT ( 'NONE',  ( 59.99999999999999289, -11.00000000000000355, -32.27207793864219809 ) ) ;
#922 = EDGE_CURVE ( 'NONE', #2679, #1948, #1812, .T. ) ;
#923 = ORIENTED_EDGE ( 'NONE', *, *, #1027, .F. ) ;
#924 = CARTESIAN_POINT ( 'NONE',  ( 8.999999999999994671, -31.32828037204367888, -11.94379756659856007 ) ) ;
#925 = LINE ( 'NONE', #1315, #654 ) ;
#926 = CARTESIAN_POINT ( 'NONE',  ( 0.000000000000000000, 5.000000000000000000, -33.00000000000000000 ) ) ;
#927 = CARTESIAN_POINT ( 'NONE',  ( 8.999999999999984013, -13.82842712474625380, -35.10050506338829734 ) ) ;
#928 = AXIS2_PLACEMENT_3D ( 'NONE', #904, #1893, #1661 ) ;
#929 = ORIENTED_EDGE ( 'NONE', *, *, #1969, .F. ) ;
#930 = CARTESIAN_POINT ( 'NONE',  ( 39.75000000000000711, 5.000000000000000000, -26.25000000000000355 ) ) ;
#931 = DIRECTION ( 'NONE',  ( -0.000000000000000000, -1.000000000000000000, -0.000000000000000000 ) ) ;
#932 = VERTEX_POINT ( 'NONE', #2002 ) ;
#933 = CARTESIAN_POINT ( 'NONE',  ( 3.999999999999998224, 0.000000000000000000, -4.000000000000000000 ) ) ;
#934 = ORIENTED_EDGE ( 'NONE', *, *, #147, .F. ) ;
#935 = LINE ( 'NONE', #2752, #1617 ) ;
#936 = ADVANCED_FACE ( 'NONE', ( #2017 ), #1796, .T. ) ;
#937 = VECTOR ( 'NONE', #393, 1000.000000000000000 ) ;
#938 = CARTESIAN_POINT ( 'NONE',  ( 0.000000000000000000, 13.00000000000000178, 0.000000000000000000 ) ) ;
#939 = DIRECTION ( 'NONE',  ( 4.625929269271486900E-16, 0.000000000000000000, 1.000000000000000000 ) ) ;
#940 = FACE_OUTER_BOUND ( 'NONE', #1264, .T. ) ;
#941 = EDGE_LOOP ( 'NONE', ( #822, #143, #979, #652 ) ) ;
#942 = EDGE_CURVE ( 'NONE', #1207, #2141, #33, .T. ) ;
#943 = ORIENTED_EDGE ( 'NONE', *, *, #2315, .F. ) ;
#944 = PLANE ( 'NONE',  #891 ) ;
#945 = DIRECTION ( 'NONE',  ( -0.000000000000000000, -1.000000000000000000, -0.000000000000000000 ) ) ;
#946 = EDGE_LOOP ( 'NONE', ( #1261, #191, #1937, #2418 ) ) ;
#947 = DIRECTION ( 'NONE',  ( 0.000000000000000000, 0.000000000000000000, -1.000000000000000000 ) ) ;
#948 = ORIENTED_EDGE ( 'NONE', *, *, #1669, .T. ) ;
#949 = DIRECTION ( 'NONE',  ( 0.000000000000000000, 0.000000000000000000, 1.000000000000000000 ) ) ;
#950 = DIRECTION ( 'NONE',  ( -1.000000000000000000, 0.000000000000000000, 4.625929269271485914E-16 ) ) ;
#951 = CARTESIAN_POINT ( 'NONE',  ( -8.673617379884049277E-16, 8.000000000000000000, -4.999999999999991118 ) ) ;
#952 = EDGE_CURVE ( 'NONE', #2658, #687, #2476, .T. ) ;
#953 = CARTESIAN_POINT ( 'NONE',  ( 12.40000000000000924, 8.000000000000000000, -7.966878185967565045E-16 ) ) ;
#954 = VECTOR ( 'NONE', #1539, 1000.000000000000000 ) ;
#955 = ORIENTED_EDGE ( 'NONE', *, *, #1420, .T. ) ;
#956 = APPROVAL_PERSON_ORGANIZATION ( #994, #572, #2767 ) ;
#957 = DIRECTION ( 'NONE',  ( -0.000000000000000000, -1.000000000000000000, -0.000000000000000000 ) ) ;
#958 = VERTEX_POINT ( 'NONE', #1531 ) ;
#959 = CARTESIAN_POINT ( 'NONE',  ( 8.999999999999973355, -6.938893903907228378E-15, -55.99999999999997158 ) ) ;
#960 = VECTOR ( 'NONE', #1895, 1000.000000000000000 ) ;
#961 = EDGE_LOOP ( 'NONE', ( #2358, #1247, #2326, #1735 ) ) ;
#962 = ORIENTED_EDGE ( 'NONE', *, *, #2250, .F. ) ;
#963 = CARTESIAN_POINT ( 'NONE',  ( 8.999999999999994671, 4.336808689942017736E-16, 10.76239569296598653 ) ) ;
#964 = DIRECTION ( 'NONE',  ( 0.000000000000000000, 0.000000000000000000, 1.000000000000000000 ) ) ;
#965 = CARTESIAN_POINT ( 'NONE',  ( -6.833526657194682274E-15, -34.15670749678984208, -14.77222469134477834 ) ) ;
#966 = VERTEX_POINT ( 'NONE', #2415 ) ;
#967 = DIRECTION ( 'NONE',  ( 5.337610695313258287E-16, 0.000000000000000000, 1.000000000000000000 ) ) ;
#968 = CARTESIAN_POINT ( 'NONE',  ( 0.000000000000000000, 8.000000000000000000, -28.00000000000000711 ) ) ;
#969 = EDGE_CURVE ( 'NONE', #1319, #620, #894, .T. ) ;
#970 = EDGE_CURVE ( 'NONE', #1284, #1083, #2173, .T. ) ;
#971 = DIRECTION ( 'NONE',  ( -0.000000000000000000, -1.000000000000000000, -0.000000000000000000 ) ) ;
#972 = VERTEX_POINT ( 'NONE', #781 ) ;
#973 = ADVANCED_FACE ( 'NONE', ( #2551 ), #2740, .F. ) ;
#974 = EDGE_CURVE ( 'NONE', #932, #792, #1792, .T. ) ;
#975 = EDGE_LOOP ( 'NONE', ( #2818, #2536, #249, #630 ) ) ;
#976 = CARTESIAN_POINT ( 'NONE',  ( 1.506249656082011709E-15, -13.00000000000000533, 3.256842193500830707 ) ) ;
#977 = AXIS2_PLACEMENT_3D ( 'NONE', #1885, #753, #782 ) ;
#978 = ADVANCED_FACE ( 'NONE', ( #554 ), #982, .T. ) ;
#979 = ORIENTED_EDGE ( 'NONE', *, *, #2479, .T. ) ;
#980 = CARTESIAN_POINT ( 'NONE',  ( 40.50000000000000711, 13.00000000000000178, 0.000000000000000000 ) ) ;
#981 = AXIS2_PLACEMENT_3D ( 'NONE', #2145, #1051, #184 ) ;
#982 = CYLINDRICAL_SURFACE ( 'NONE', #303, 2.000000000000001776 ) ;
#983 = PLANE ( 'NONE',  #1461 ) ;
#984 = FACE_BOUND ( 'NONE', #2671, .T. ) ;
#985 = CARTESIAN_POINT ( 'NONE',  ( 64.99999999999997158, 0.000000000000000000, -56.00000000000000000 ) ) ;
#986 = DIRECTION ( 'NONE',  ( 0.000000000000000000, 0.000000000000000000, -1.000000000000000000 ) ) ;
#987 = ORIENTED_EDGE ( 'NONE', *, *, #1966, .T. ) ;
#988 = DIRECTION ( 'NONE',  ( 0.000000000000000000, 0.000000000000000000, -1.000000000000000000 ) ) ;
#989 = ORIENTED_EDGE ( 'NONE', *, *, #415, .T. ) ;
#990 = ADVANCED_FACE ( 'NONE', ( #279 ), #2332, .F. ) ;
#991 = DIRECTION ( 'NONE',  ( 0.000000000000000000, -0.000000000000000000, 1.000000000000000000 ) ) ;
#992 = ORIENTED_EDGE ( 'NONE', *, *, #1704, .F. ) ;
#993 = CARTESIAN_POINT ( 'NONE',  ( 49.75000000000000000, 0.000000000000000000, -27.65000000000000568 ) ) ;
#994 = PERSON_AND_ORGANIZATION ( #575, #2301 ) ;
#995 = DIRECTION ( 'NONE',  ( -1.000000000000000000, 0.000000000000000000, 4.625929269271485914E-16 ) ) ;
#996 = CARTESIAN_POINT ( 'NONE',  ( -3.523657060577889411E-16, 13.00000000000000178, -2.999999999999998224 ) ) ;
#997 = LINE ( 'NONE', #1173, #672 ) ;
#998 = LINE ( 'NONE', #1434, #1742 ) ;
#999 = CIRCLE ( 'NONE', #1971, 2.000000000000001776 ) ;
#1000 = AXIS2_PLACEMENT_3D ( 'NONE', #2543, #145, #601 ) ;
#1001 = CARTESIAN_POINT ( 'NONE',  ( -2.590520390792030455E-14, 13.00000000000000178, -55.99999999999996447 ) ) ;
#1002 = VECTOR ( 'NONE', #914, 1000.000000000000000 ) ;
#1003 = CARTESIAN_POINT ( 'NONE',  ( 69.00000000000000000, -44.49599131818114017, -11.50400868181900016 ) ) ;
#1004 = ORIENTED_EDGE ( 'NONE', *, *, #1183, .F. ) ;
#1005 = ORIENTED_EDGE ( 'NONE', *, *, #798, .F. ) ;
#1006 = LINE ( 'NONE', #1378, #1491 ) ;
#1007 = EDGE_CURVE ( 'NONE', #958, #469, #1652, .T. ) ;
#1008 = COORDINATED_UNIVERSAL_TIME_OFFSET ( 8, 0, .AHEAD. ) ;
#1009 = ORIENTED_EDGE ( 'NONE', *, *, #2269, .F. ) ;
#1010 = CARTESIAN_POINT ( 'NONE',  ( 0.000000000000000000, 5.000000000000000000, -58.00000000000000000 ) ) ;
#1011 = EDGE_CURVE ( 'NONE', #46, #2366, #318, .T. ) ;
#1012 = ADVANCED_FACE ( 'NONE', ( #2075 ), #1171, .T. ) ;
#1013 = CARTESIAN_POINT ( 'NONE',  ( 21.00000000000001776, 13.00000000000000178, -55.99999999999998579 ) ) ;
#1014 = FACE_OUTER_BOUND ( 'NONE', #2615, .T. ) ;
#1015 = VECTOR ( 'NONE', #1679, 1000.000000000000000 ) ;
#1016 = CARTESIAN_POINT ( 'NONE',  ( 66.00000000000001421, 13.00000000000000178, -55.99999999999998579 ) ) ;
#1017 = ORIENTED_EDGE ( 'NONE', *, *, #183, .F. ) ;
#1018 = ORIENTED_EDGE ( 'NONE', *, *, #360, .F. ) ;
#1019 = CIRCLE ( 'NONE', #1244, 1.250000000000007994 ) ;
#1020 = CARTESIAN_POINT ( 'NONE',  ( 39.75000000000000711, 5.000000000000000000, -6.750000000000002665 ) ) ;
#1021 = AXIS2_PLACEMENT_3D ( 'NONE', #921, #1108, #470 ) ;
#1022 = EDGE_LOOP ( 'NONE', ( #170, #315, #192, #2181 ) ) ;
#1023 = CARTESIAN_POINT ( 'NONE',  ( 50.64999999999999858, 5.000000000000000000, -30.00000000000000711 ) ) ;
#1024 = VECTOR ( 'NONE', #1731, 1000.000000000000000 ) ;
#1025 = ORIENTED_EDGE ( 'NONE', *, *, #663, .F. ) ;
#1026 = LINE ( 'NONE', #2771, #578 ) ;
#1027 = EDGE_CURVE ( 'NONE', #518, #409, #525, .T. ) ;
#1028 = CYLINDRICAL_SURFACE ( 'NONE', #292, 1.399999999999998579 ) ;
#1029 = DIRECTION ( 'NONE',  ( 0.000000000000000000, 0.000000000000000000, 1.000000000000000000 ) ) ;
#1030 = ORIENTED_EDGE ( 'NONE', *, *, #2427, .T. ) ;
#1031 = ADVANCED_FACE ( 'NONE', ( #116 ), #1428, .F. ) ;
#1032 = VECTOR ( 'NONE', #2259, 1000.000000000000000 ) ;
#1033 = LINE ( 'NONE', #1921, #1002 ) ;
#1034 = ORIENTED_EDGE ( 'NONE', *, *, #1669, .F. ) ;
#1035 = DIRECTION ( 'NONE',  ( -1.000000000000000000, 0.000000000000000000, 4.625929269271485914E-16 ) ) ;
#1036 = CARTESIAN_POINT ( 'NONE',  ( 69.00000000000000000, 5.000000000000000000, -4.000000000000028422 ) ) ;
#1037 = ORIENTED_EDGE ( 'NONE', *, *, #2568, .F. ) ;
#1038 = CYLINDRICAL_SURFACE ( 'NONE', #28, 4.000000000000000000 ) ;
#1039 = VECTOR ( 'NONE', #1390, 1000.000000000000000 ) ;
#1040 = ORIENTED_EDGE ( 'NONE', *, *, #1916, .F. ) ;
#1041 = CARTESIAN_POINT ( 'NONE',  ( 59.99999999999999289, -11.00000000000000355, -32.27207793864219809 ) ) ;
#1042 = CARTESIAN_POINT ( 'NONE',  ( 68.99999999999997158, 0.000000000000000000, -55.99999999999997158 ) ) ;
#1043 = VECTOR ( 'NONE', #1698, 1000.000000000000000 ) ;
#1044 = EDGE_CURVE ( 'NONE', #153, #135, #2028, .T. ) ;
#1045 = EDGE_CURVE ( 'NONE', #1411, #1344, #2321, .T. ) ;
#1046 = CARTESIAN_POINT ( 'NONE',  ( -2.410793759961842390E-15, -43.66756419343498408, -5.211479941935001747 ) ) ;
#1047 = DIRECTION ( 'NONE',  ( 0.000000000000000000, 1.000000000000000000, -0.000000000000000000 ) ) ;
#1048 = ORIENTED_EDGE ( 'NONE', *, *, #2479, .F. ) ;
#1049 = CIRCLE ( 'NONE', #2713, 1.250000000000007994 ) ;
#1050 = VERTEX_POINT ( 'NONE', #719 ) ;
#1051 = DIRECTION ( 'NONE',  ( -1.000000000000000000, 0.000000000000000000, 0.000000000000000000 ) ) ;
#1052 = FACE_OUTER_BOUND ( 'NONE', #300, .T. ) ;
#1053 = ORIENTED_EDGE ( 'NONE', *, *, #380, .T. ) ;
#1054 = FACE_OUTER_BOUND ( 'NONE', #2644, .T. ) ;
#1055 = VECTOR ( 'NONE', #705, 1000.000000000000000 ) ;
#1056 = ORIENTED_EDGE ( 'NONE', *, *, #1672, .F. ) ;
#1057 = DIRECTION ( 'NONE',  ( 0.000000000000000000, 0.000000000000000000, 1.000000000000000000 ) ) ;
#1058 = CIRCLE ( 'NONE', #2446, 1.400000000000001910 ) ;
#1059 = CARTESIAN_POINT ( 'NONE',  ( 60.50000000000000711, 13.00000000000000178, -27.99999999999998934 ) ) ;
#1060 = CARTESIAN_POINT ( 'NONE',  ( 60.00000000000000711, -13.00000000000000711, 3.256842193500800064 ) ) ;
#1061 = FACE_OUTER_BOUND ( 'NONE', #2454, .T. ) ;
#1062 = ORIENTED_EDGE ( 'NONE', *, *, #900, .F. ) ;
#1063 = ORIENTED_EDGE ( 'NONE', *, *, #1117, .F. ) ;
#1064 = CARTESIAN_POINT ( 'NONE',  ( -1.856154119295180041E-15, 5.000000000000000000, -5.349999999999986322 ) ) ;
#1065 = EDGE_CURVE ( 'NONE', #1472, #2080, #1352, .T. ) ;
#1066 = DIRECTION ( 'NONE',  ( 5.687904037542768540E-16, 0.000000000000000000, 1.000000000000000000 ) ) ;
#1067 = APPROVAL_DATE_TIME ( #2707, #572 ) ;
#1068 = ORIENTED_EDGE ( 'NONE', *, *, #2340, .F. ) ;
#1069 = EDGE_CURVE ( 'NONE', #1837, #1957, #1604, .T. ) ;
#1070 = ORIENTED_EDGE ( 'NONE', *, *, #415, .F. ) ;
#1071 = DIRECTION ( 'NONE',  ( -1.000000000000000000, 0.000000000000000000, -0.000000000000000000 ) ) ;
#1072 = CARTESIAN_POINT ( 'NONE',  ( 4.000000000000000000, 13.00000000000000178, -60.00000000000000000 ) ) ;
#1073 = LINE ( 'NONE', #1518, #1926 ) ;
#1074 = ORIENTED_EDGE ( 'NONE', *, *, #1167, .T. ) ;
#1075 = CARTESIAN_POINT ( 'NONE',  ( 69.00000000000001421, -3.000000000000027089, 18.26794919243107174 ) ) ;
#1076 = EDGE_LOOP ( 'NONE', ( #2812, #429, #1547, #2287, #1282, #2827, #1525, #443 ) ) ;
#1077 = CARTESIAN_POINT ( 'NONE',  ( 50.64999999999999858, 8.000000000000000000, -3.000000000000004441 ) ) ;
#1078 = DIRECTION ( 'NONE',  ( 1.387778780781445182E-16, 0.000000000000000000, 1.000000000000000000 ) ) ;
#1079 = AXIS2_PLACEMENT_3D ( 'NONE', #107, #986, #2745 ) ;
#1080 = EDGE_CURVE ( 'NONE', #2194, #1440, #1401, .T. ) ;
#1081 = EDGE_CURVE ( 'NONE', #2294, #1207, #1870, .T. ) ;
#1082 = ORIENTED_EDGE ( 'NONE', *, *, #1100, .F. ) ;
#1083 = VERTEX_POINT ( 'NONE', #2507 ) ;
#1084 = CARTESIAN_POINT ( 'NONE',  ( -2.590520390792030455E-14, 5.000000000000000000, -55.99999999999996447 ) ) ;
#1085 = DIRECTION ( 'NONE',  ( 1.000000000000000000, 0.000000000000000000, -1.174552353525963794E-16 ) ) ;
#1086 = DIRECTION ( 'NONE',  ( 4.336808689942017736E-16, 0.000000000000000000, 1.000000000000000000 ) ) ;
#1087 = ORIENTED_EDGE ( 'NONE', *, *, #2129, .F. ) ;
#1088 = ORIENTED_EDGE ( 'NONE', *, *, #1488, .F. ) ;
#1089 = CARTESIAN_POINT ( 'NONE',  ( 58.49999999999999289, 13.00000000000000178, -30.00000000000000711 ) ) ;
#1090 = AXIS2_PLACEMENT_3D ( 'NONE', #953, #1433, #540 ) ;
#1091 = DIRECTION ( 'NONE',  ( 0.000000000000000000, -5.410052375805033626E-17, -1.000000000000000000 ) ) ;
#1092 = AXIS2_PLACEMENT_3D ( 'NONE', #1668, #2578, #1446 ) ;
#1093 = EDGE_LOOP ( 'NONE', ( #1689, #383, #732, #2824 ) ) ;
#1094 = DIRECTION ( 'NONE',  ( -1.000000000000000000, 0.000000000000000000, 4.625929269271485914E-16 ) ) ;
#1095 = APPROVAL_PERSON_ORGANIZATION ( #2113, #1429, #1691 ) ;
#1096 = EDGE_CURVE ( 'NONE', #2255, #1137, #509, .T. ) ;
#1097 = ADVANCED_FACE ( 'NONE', ( #2374 ), #682, .F. ) ;
#1098 = ORIENTED_EDGE ( 'NONE', *, *, #1027, .T. ) ;
#1099 = FACE_OUTER_BOUND ( 'NONE', #1767, .T. ) ;
#1100 = EDGE_CURVE ( 'NONE', #2223, #1353, #2531, .T. ) ;
#1101 = DIRECTION ( 'NONE',  ( -0.000000000000000000, -1.000000000000000000, -0.000000000000000000 ) ) ;
#1102 = VECTOR ( 'NONE', #2606, 1000.000000000000000 ) ;
#1103 = ORIENTED_EDGE ( 'NONE', *, *, #922, .T. ) ;
#1104 = VERTEX_POINT ( 'NONE', #1194 ) ;
#1105 = PLANE ( 'NONE',  #421 ) ;
#1106 = CIRCLE ( 'NONE', #1385, 2.000000000000001776 ) ;
#1107 = ORIENTED_EDGE ( 'NONE', *, *, #1044, .T. ) ;
#1108 = DIRECTION ( 'NONE',  ( 1.000000000000000000, 0.000000000000000000, -5.337610695313257301E-16 ) ) ;
#1109 = ORIENTED_EDGE ( 'NONE', *, *, #1396, .F. ) ;
#1110 = VECTOR ( 'NONE', #1127, 1000.000000000000000 ) ;
#1111 = FACE_OUTER_BOUND ( 'NONE', #1843, .T. ) ;
#1112 = LINE ( 'NONE', #2465, #317 ) ;
#1113 = EDGE_CURVE ( 'NONE', #518, #972, #515, .T. ) ;
#1114 = CYLINDRICAL_SURFACE ( 'NONE', #2534, 2.000000000000001776 ) ;
#1115 = VERTEX_POINT ( 'NONE', #1860 ) ;
#1116 = AXIS2_PLACEMENT_3D ( 'NONE', #1511, #2187, #2840 ) ;
#1117 = EDGE_CURVE ( 'NONE', #1565, #2150, #1821, .T. ) ;
#1118 = ORIENTED_EDGE ( 'NONE', *, *, #501, .T. ) ;
#1119 = CARTESIAN_POINT ( 'NONE',  ( 7.649389633223312782E-15, 0.000000000000000000, 16.53589838486221097 ) ) ;
#1120 = AXIS2_PLACEMENT_3D ( 'NONE', #733, #1866, #2328 ) ;
#1121 = CARTESIAN_POINT ( 'NONE',  ( 49.75000000000000000, 5.000000000000000000, -24.85000000000000142 ) ) ;
#1122 = PERSON_AND_ORGANIZATION ( #575, #2301 ) ;
#1123 = ORIENTED_EDGE ( 'NONE', *, *, #814, .T. ) ;
#1124 = DIRECTION ( 'NONE',  ( 4.625929269271486900E-16, 0.000000000000000000, 1.000000000000000000 ) ) ;
#1125 = AXIS2_PLACEMENT_3D ( 'NONE', #1764, #2232, #2464 ) ;
#1126 = ORIENTED_EDGE ( 'NONE', *, *, #1189, .T. ) ;
#1127 = DIRECTION ( 'NONE',  ( -0.000000000000000000, -1.000000000000000000, -0.000000000000000000 ) ) ;
#1128 = DIRECTION ( 'NONE',  ( 2.312964634635747887E-16, 0.8660254037844380415, 0.5000000000000012212 ) ) ;
#1129 = CARTESIAN_POINT ( 'NONE',  ( 39.75000000000000711, 5.000000000000000000, -5.350000000000000533 ) ) ;
#1130 = ORIENTED_EDGE ( 'NONE', *, *, #798, .T. ) ;
#1131 = ADVANCED_FACE ( 'NONE', ( #283 ), #2108, .T. ) ;
#1132 = CARTESIAN_POINT ( 'NONE',  ( 50.65000000000000568, 8.000000000000000000, 0.000000000000000000 ) ) ;
#1133 = VERTEX_POINT ( 'NONE', #1656 ) ;
#1134 = CARTESIAN_POINT ( 'NONE',  ( 60.00000000000001421, -4.660254037844392627, 8.071796769724455700 ) ) ;
#1135 = CIRCLE ( 'NONE', #2530, 1.250000000000007994 ) ;
#1136 = CARTESIAN_POINT ( 'NONE',  ( 26.00000000000002132, 8.000000000000000000, -33.00000000000000000 ) ) ;
#1137 = VERTEX_POINT ( 'NONE', #1436 ) ;
#1138 = CARTESIAN_POINT ( 'NONE',  ( 9.000000000000007105, 0.000000000000000000, 16.53589838486220742 ) ) ;
#1139 = LOCAL_TIME ( 12, 19, 48.00000000000000000, #1008 ) ;
#1140 = VERTEX_POINT ( 'NONE', #322 ) ;
#1141 = DIRECTION ( 'NONE',  ( -0.000000000000000000, -1.000000000000000000, -0.000000000000000000 ) ) ;
#1142 = LINE ( 'NONE', #2694, #1055 ) ;
#1143 = DIRECTION ( 'NONE',  ( 1.000000000000000000, -0.000000000000000000, 0.000000000000000000 ) ) ;
#1144 = CARTESIAN_POINT ( 'NONE',  ( 69.00000000000000000, 13.00000000000000178, -4.000000000000028422 ) ) ;
#1145 = ORIENTED_EDGE ( 'NONE', *, *, #2693, .F. ) ;
#1146 = VERTEX_POINT ( 'NONE', #1003 ) ;
#1147 = CARTESIAN_POINT ( 'NONE',  ( 9.000000000000001776, -13.00000000000000533, 3.256842193500826266 ) ) ;
#1148 = AXIS2_PLACEMENT_3D ( 'NONE', #2336, #2529, #809 ) ;
#1149 = PLANE ( 'NONE',  #1797 ) ;
#1150 = EDGE_LOOP ( 'NONE', ( #1808, #662, #757, #226 ) ) ;
#1151 = ADVANCED_FACE ( 'NONE', ( #1889 ), #559, .F. ) ;
#1152 = DIRECTION ( 'NONE',  ( 4.625929269271487886E-16, 0.000000000000000000, 1.000000000000000000 ) ) ;
#1153 = ORIENTED_EDGE ( 'NONE', *, *, #2445, .T. ) ;
#1154 = EDGE_CURVE ( 'NONE', #1318, #835, #2337, .T. ) ;
#1155 = LINE ( 'NONE', #472, #736 ) ;
#1156 = DIRECTION ( 'NONE',  ( 1.000000000000000000, -0.000000000000000000, 0.000000000000000000 ) ) ;
#1157 = DIRECTION ( 'NONE',  ( 0.000000000000000000, 0.000000000000000000, -1.000000000000000000 ) ) ;
#1158 = DIRECTION ( 'NONE',  ( 0.000000000000000000, 0.000000000000000000, 1.000000000000000000 ) ) ;
#1159 = AXIS2_PLACEMENT_3D ( 'NONE', #1663, #158, #793 ) ;
#1160 = CARTESIAN_POINT ( 'NONE',  ( -1.856154119295180041E-15, 0.000000000000000000, -5.349999999999986322 ) ) ;
#1161 = AXIS2_PLACEMENT_3D ( 'NONE', #62, #2725, #2741 ) ;
#1162 = ORIENTED_EDGE ( 'NONE', *, *, #461, .F. ) ;
#1163 = CARTESIAN_POINT ( 'NONE',  ( 49.75000000000000000, 5.000000000000000000, -27.65000000000000568 ) ) ;
#1164 = FACE_OUTER_BOUND ( 'NONE', #2413, .T. ) ;
#1165 = EDGE_LOOP ( 'NONE', ( #1489, #2481, #2136, #1770, #1987, #457 ) ) ;
#1166 = LINE ( 'NONE', #154, #1724 ) ;
#1167 = EDGE_CURVE ( 'NONE', #1686, #2790, #2066, .T. ) ;
#1168 = VERTEX_POINT ( 'NONE', #811 ) ;
#1169 = CARTESIAN_POINT ( 'NONE',  ( 58.50000000000000000, 13.00000000000000178, -3.000000000000005329 ) ) ;
#1170 = DESIGN_CONTEXT ( 'detailed design', #483, 'design' ) ;
#1171 = PLANE ( 'NONE',  #680 ) ;
#1172 = DIRECTION ( 'NONE',  ( 1.000000000000000000, 0.000000000000000000, -5.337610695313257301E-16 ) ) ;
#1173 = CARTESIAN_POINT ( 'NONE',  ( 60.00000000000000711, -33.32828037204368599, -8.479695951460845649 ) ) ;
#1174 = VERTEX_POINT ( 'NONE', #2156 ) ;
#1175 = AXIS2_PLACEMENT_3D ( 'NONE', #2252, #634, #410 ) ;
#1176 = DIRECTION ( 'NONE',  ( 0.000000000000000000, 0.000000000000000000, -1.000000000000000000 ) ) ;
#1177 = VERTEX_POINT ( 'NONE', #2579 ) ;
#1178 = CARTESIAN_POINT ( 'NONE',  ( 50.65000000000000568, 5.000000000000000000, -0.000000000000000000 ) ) ;
#1179 = ORIENTED_EDGE ( 'NONE', *, *, #882, .F. ) ;
#1180 = FACE_OUTER_BOUND ( 'NONE', #1934, .T. ) ;
#1181 = ORIENTED_EDGE ( 'NONE', *, *, #338, .T. ) ;
#1182 = DIRECTION ( 'NONE',  ( -0.000000000000000000, -1.000000000000000000, -0.000000000000000000 ) ) ;
#1183 = EDGE_CURVE ( 'NONE', #2788, #1784, #2562, .T. ) ;
#1184 = CIRCLE ( 'NONE', #199, 2.000000000000001776 ) ;
#1185 =( NAMED_UNIT ( * ) SI_UNIT ( $, .STERADIAN. ) SOLID_ANGLE_UNIT ( ) );
#1186 = DIRECTION ( 'NONE',  ( 0.000000000000000000, 0.000000000000000000, -1.000000000000000000 ) ) ;
#1187 = DIRECTION ( 'NONE',  ( 0.000000000000000000, 0.000000000000000000, 1.000000000000000000 ) ) ;
#1188 = CARTESIAN_POINT ( 'NONE',  ( 23.00000000000001776, 13.00000000000000178, -35.00000000000000000 ) ) ;
#1189 = EDGE_CURVE ( 'NONE', #241, #1168, #459, .T. ) ;
#1190 = ORIENTED_EDGE ( 'NONE', *, *, #1984, .F. ) ;
#1191 = EDGE_CURVE ( 'NONE', #1440, #687, #2351, .T. ) ;
#1192 = DIRECTION ( 'NONE',  ( -0.000000000000000000, -1.000000000000000000, -0.000000000000000000 ) ) ;
#1193 = AXIS2_PLACEMENT_3D ( 'NONE', #1826, #950, #538 ) ;
#1194 = CARTESIAN_POINT ( 'NONE',  ( 26.00000000000002132, 5.000000000000000000, -58.00000000000000000 ) ) ;
#1195 = VERTEX_POINT ( 'NONE', #1727 ) ;
#1196 = VECTOR ( 'NONE', #1909, 1000.000000000000000 ) ;
#1197 = ORIENTED_EDGE ( 'NONE', *, *, #1304, .F. ) ;
#1198 = CARTESIAN_POINT ( 'NONE',  ( 60.00000000000000711, -31.32828037204367888, -11.94379756659858849 ) ) ;
#1199 = ORIENTED_EDGE ( 'NONE', *, *, #1289, .T. ) ;
#1200 = DIRECTION ( 'NONE',  ( 3.271025955591194217E-16, -0.7071067811865487940, 0.7071067811865463515 ) ) ;
#1201 = DIRECTION ( 'NONE',  ( -0.000000000000000000, -1.000000000000000000, -0.000000000000000000 ) ) ;
#1202 = DIRECTION ( 'NONE',  ( -1.000000000000000000, 0.000000000000000000, 1.734723475976812764E-16 ) ) ;
#1203 = CYLINDRICAL_SURFACE ( 'NONE', #815, 3.999999999999998224 ) ;
#1204 = DIRECTION ( 'NONE',  ( 0.000000000000000000, 1.000000000000000000, -0.000000000000000000 ) ) ;
#1205 = EDGE_CURVE ( 'NONE', #1423, #2727, #1218, .T. ) ;
#1206 = ORIENTED_EDGE ( 'NONE', *, *, #647, .T. ) ;
#1207 = VERTEX_POINT ( 'NONE', #1740 ) ;
#1208 = DIRECTION ( 'NONE',  ( 0.000000000000000000, 0.000000000000000000, -1.000000000000000000 ) ) ;
#1209 = CIRCLE ( 'NONE', #1161, 3.999999999999991562 ) ;
#1210 = DIRECTION ( 'NONE',  ( -0.000000000000000000, -1.000000000000000000, -0.000000000000000000 ) ) ;
#1211 = ORIENTED_EDGE ( 'NONE', *, *, #64, .T. ) ;
#1212 = LINE ( 'NONE', #717, #267 ) ;
#1213 = PERSON_AND_ORGANIZATION ( #575, #2301 ) ;
#1214 = DIRECTION ( 'NONE',  ( 1.000000000000000000, 0.000000000000000000, -5.687904037542768540E-16 ) ) ;
#1215 = CARTESIAN_POINT ( 'NONE',  ( 23.00000000000001776, 8.000000000000000000, -35.00000000000000000 ) ) ;
#1216 = DIRECTION ( 'NONE',  ( 0.000000000000000000, 0.000000000000000000, 1.000000000000000000 ) ) ;
#1217 = FACE_BOUND ( 'NONE', #1944, .T. ) ;
#1218 = CIRCLE ( 'NONE', #1587, 1.399999999999998579 ) ;
#1219 = VERTEX_POINT ( 'NONE', #2621 ) ;
#1220 = EDGE_CURVE ( 'NONE', #2679, #1322, #2021, .T. ) ;
#1221 = PLANE ( 'NONE',  #1277 ) ;
#1222 = EDGE_LOOP ( 'NONE', ( #2230, #2238, #1480, #1743 ) ) ;
#1223 = EDGE_CURVE ( 'NONE', #409, #609, #382, .T. ) ;
#1224 = DATE_TIME_ROLE ( 'creation_date' ) ;
#1225 = ORIENTED_EDGE ( 'NONE', *, *, #2787, .T. ) ;
#1226 = CARTESIAN_POINT ( 'NONE',  ( 66.00000000000001421, 5.000000000000000000, 0.000000000000000000 ) ) ;
#1227 = CARTESIAN_POINT ( 'NONE',  ( 58.50000000000000711, 13.00000000000000178, -5.000000000000005329 ) ) ;
#1228 = CARTESIAN_POINT ( 'NONE',  ( 69.00000000000001421, -2.000000000000000444, 16.53589838486220032 ) ) ;
#1229 = LINE ( 'NONE', #1254, #855 ) ;
#1230 = DIRECTION ( 'NONE',  ( 0.000000000000000000, 0.000000000000000000, 1.000000000000000000 ) ) ;
#1231 = VECTOR ( 'NONE', #2106, 1000.000000000000000 ) ;
#1232 = VECTOR ( 'NONE', #1899, 1000.000000000000000 ) ;
#1233 = AXIS2_PLACEMENT_3D ( 'NONE', #1949, #2825, #841 ) ;
#1234 = CARTESIAN_POINT ( 'NONE',  ( 66.00000000000001421, 13.00000000000000178, -55.99999999999998579 ) ) ;
#1235 = ORIENTED_EDGE ( 'NONE', *, *, #663, .T. ) ;
#1236 = EDGE_LOOP ( 'NONE', ( #2831, #2623, #2576, #1874 ) ) ;
#1237 = CARTESIAN_POINT ( 'NONE',  ( -3.523657060577889411E-16, 13.00000000000000178, -2.999999999999998224 ) ) ;
#1238 = EDGE_CURVE ( 'NONE', #620, #585, #1410, .T. ) ;
#1239 = ORIENTED_EDGE ( 'NONE', *, *, #670, .F. ) ;
#1240 = DIRECTION ( 'NONE',  ( -1.000000000000000000, 0.000000000000000000, 4.625929269271485914E-16 ) ) ;
#1241 = ORIENTED_EDGE ( 'NONE', *, *, #2170, .T. ) ;
#1242 = CARTESIAN_POINT ( 'NONE',  ( 49.80000000000002558, 8.000000000000000000, -35.50000000000000000 ) ) ;
#1243 = CARTESIAN_POINT ( 'NONE',  ( 3.733956093267944997E-15, -4.660254037844395292, 8.071796769724480569 ) ) ;
#1244 = AXIS2_PLACEMENT_3D ( 'NONE', #2334, #2122, #1459 ) ;
#1245 = EDGE_LOOP ( 'NONE', ( #2646, #816, #1564, #2792 ) ) ;
#1246 = CARTESIAN_POINT ( 'NONE',  ( -2.827599265842193986E-15, 5.000000000000000000, -8.149999999999991473 ) ) ;
#1247 = ORIENTED_EDGE ( 'NONE', *, *, #2112, .T. ) ;
#1248 = CIRCLE ( 'NONE', #127, 4.000000000000000000 ) ;
#1249 = APPROVAL_STATUS ( 'not_yet_approved' ) ;
#1250 = ORIENTED_EDGE ( 'NONE', *, *, #1080, .T. ) ;
#1251 = VECTOR ( 'NONE', #2077, 1000.000000000000000 ) ;
#1252 = EDGE_CURVE ( 'NONE', #1322, #413, #524, .T. ) ;
#1253 = ORIENTED_EDGE ( 'NONE', *, *, #1573, .F. ) ;
#1254 = CARTESIAN_POINT ( 'NONE',  ( 60.50000000000001421, 8.000000000000000000, -1.825230787766902859E-14 ) ) ;
#1255 = AXIS2_PLACEMENT_3D ( 'NONE', #1938, #384, #1469 ) ;
#1256 = DIRECTION ( 'NONE',  ( 0.000000000000000000, 0.000000000000000000, 1.000000000000000000 ) ) ;
#1257 = LINE ( 'NONE', #1725, #210 ) ;
#1258 = DIRECTION ( 'NONE',  ( 0.000000000000000000, 0.000000000000000000, 1.000000000000000000 ) ) ;
#1259 = ORIENTED_EDGE ( 'NONE', *, *, #1849, .T. ) ;
#1260 = AXIS2_PLACEMENT_3D ( 'NONE', #2701, #2482, #2055 ) ;
#1261 = ORIENTED_EDGE ( 'NONE', *, *, #2571, .T. ) ;
#1262 = DIRECTION ( 'NONE',  ( 0.000000000000000000, 0.000000000000000000, -1.000000000000000000 ) ) ;
#1263 = LINE ( 'NONE', #1758, #1905 ) ;
#1264 = EDGE_LOOP ( 'NONE', ( #830, #481, #2820, #2857, #1380, #2348 ) ) ;
#1265 = DIRECTION ( 'NONE',  ( -0.000000000000000000, -1.000000000000000000, -0.000000000000000000 ) ) ;
#1266 = VECTOR ( 'NONE', #1549, 999.9999999999998863 ) ;
#1267 = EDGE_CURVE ( 'NONE', #2013, #2380, #2164, .T. ) ;
#1268 = ORIENTED_EDGE ( 'NONE', *, *, #1969, .T. ) ;
#1269 = CARTESIAN_POINT ( 'NONE',  ( 49.80000000000001847, 5.000000000000000000, -55.50000000000000000 ) ) ;
#1270 = VECTOR ( 'NONE', #364, 1000.000000000000000 ) ;
#1271 = EDGE_CURVE ( 'NONE', #1816, #2165, #901, .T. ) ;
#1272 = DIRECTION ( 'NONE',  ( -0.000000000000000000, -1.000000000000000000, 0.000000000000000000 ) ) ;
#1273 = DIRECTION ( 'NONE',  ( 0.000000000000000000, 1.000000000000000000, -0.000000000000000000 ) ) ;
#1274 = ORIENTED_EDGE ( 'NONE', *, *, #1862, .F. ) ;
#1275 = FACE_OUTER_BOUND ( 'NONE', #312, .T. ) ;
#1276 = VECTOR ( 'NONE', #1371, 1000.000000000000000 ) ;
#1277 = AXIS2_PLACEMENT_3D ( 'NONE', #2110, #745, #2126 ) ;
#1278 = ADVANCED_FACE ( 'NONE', ( #1061 ), #1028, .F. ) ;
#1279 = ORIENTED_EDGE ( 'NONE', *, *, #969, .T. ) ;
#1280 = LINE ( 'NONE', #843, #2597 ) ;
#1281 = CARTESIAN_POINT ( 'NONE',  ( 40.50000000000000711, 5.000000000000000000, -3.000000000000000444 ) ) ;
#1282 = ORIENTED_EDGE ( 'NONE', *, *, #1267, .T. ) ;
#1283 = AXIS2_PLACEMENT_3D ( 'NONE', #1544, #2433, #232 ) ;
#1284 = VERTEX_POINT ( 'NONE', #2620 ) ;
#1285 = CARTESIAN_POINT ( 'NONE',  ( 39.75000000000000711, 0.000000000000000000, -6.750000000000002665 ) ) ;
#1286 = CIRCLE ( 'NONE', #1561, 2.000000000000001776 ) ;
#1287 = LINE ( 'NONE', #1958, #1844 ) ;
#1288 = EDGE_LOOP ( 'NONE', ( #1732, #313, #2271, #182 ) ) ;
#1289 = EDGE_CURVE ( 'NONE', #2383, #612, #1135, .T. ) ;
#1290 = ORIENTED_EDGE ( 'NONE', *, *, #58, .T. ) ;
#1291 = FACE_OUTER_BOUND ( 'NONE', #2872, .T. ) ;
#1292 = PRODUCT_DEFINITION_SHAPE ( 'NONE', 'NONE',  #1910 ) ;
#1293 = VERTEX_POINT ( 'NONE', #149 ) ;
#1294 = AXIS2_PLACEMENT_3D ( 'NONE', #2444, #11, #2014 ) ;
#1295 = AXIS2_PLACEMENT_3D ( 'NONE', #185, #650, #1091 ) ;
#1296 = ORIENTED_EDGE ( 'NONE', *, *, #298, .F. ) ;
#1297 = CARTESIAN_POINT ( 'NONE',  ( 64.99999999999994316, 5.000000000000000000, -60.00000000000000000 ) ) ;
#1298 = CARTESIAN_POINT ( 'NONE',  ( 60.00000000000000000, -42.32566285183166599, -13.67433714816845836 ) ) ;
#1299 = CARTESIAN_POINT ( 'NONE',  ( 49.80000000000002558, 8.000000000000000000, -35.50000000000000000 ) ) ;
#1300 = CARTESIAN_POINT ( 'NONE',  ( 7.648707513706332062E-15, -2.000000000000000444, 16.53589838486223940 ) ) ;
#1301 = ORIENTED_EDGE ( 'NONE', *, *, #2214, .T. ) ;
#1302 = DIRECTION ( 'NONE',  ( 3.271025955591193724E-16, -0.7071067811865489050, 0.7071067811865462405 ) ) ;
#1303 = ORIENTED_EDGE ( 'NONE', *, *, #44, .T. ) ;
#1304 = EDGE_CURVE ( 'NONE', #1942, #2658, #1073, .T. ) ;
#1305 = DIRECTION ( 'NONE',  ( -1.000000000000000000, 0.000000000000000000, 4.625929269271485914E-16 ) ) ;
#1306 = FACE_OUTER_BOUND ( 'NONE', #2237, .T. ) ;
#1307 = AXIS2_PLACEMENT_3D ( 'NONE', #1132, #2180, #2037 ) ;
#1308 = EDGE_CURVE ( 'NONE', #1353, #2583, #665, .T. ) ;
#1309 = ORIENTED_EDGE ( 'NONE', *, *, #2373, .F. ) ;
#1310 = ADVANCED_FACE ( 'NONE', ( #2403 ), #810, .F. ) ;
#1311 = DIRECTION ( 'NONE',  ( -0.000000000000000000, -1.000000000000000000, -0.000000000000000000 ) ) ;
#1312 = AXIS2_PLACEMENT_3D ( 'NONE', #2559, #1482, #1675 ) ;
#1313 = VERTEX_POINT ( 'NONE', #2171 ) ;
#1314 = DIRECTION ( 'NONE',  ( -0.000000000000000000, -1.000000000000000000, -0.000000000000000000 ) ) ;
#1315 = CARTESIAN_POINT ( 'NONE',  ( 8.999999999999987566, -27.99999999999998579, -28.00000000000008882 ) ) ;
#1316 = LINE ( 'NONE', #1946, #1102 ) ;
#1317 = LINE ( 'NONE', #2204, #156 ) ;
#1318 = VERTEX_POINT ( 'NONE', #1016 ) ;
#1319 = VERTEX_POINT ( 'NONE', #1046 ) ;
#1320 = LINE ( 'NONE', #1535, #2795 ) ;
#1321 = AXIS2_PLACEMENT_3D ( 'NONE', #2542, #1606, #967 ) ;
#1322 = VERTEX_POINT ( 'NONE', #827 ) ;
#1323 = DIRECTION ( 'NONE',  ( 0.000000000000000000, 1.000000000000000000, -0.000000000000000000 ) ) ;
#1324 = EDGE_CURVE ( 'NONE', #1852, #174, #347, .T. ) ;
#1325 = ORIENTED_EDGE ( 'NONE', *, *, #2764, .F. ) ;
#1326 = EDGE_CURVE ( 'NONE', #1050, #2580, #1711, .T. ) ;
#1327 = CARTESIAN_POINT ( 'NONE',  ( 9.000000000000003553, -4.660254037844394404, 8.071796769724475240 ) ) ;
#1328 = AXIS2_PLACEMENT_3D ( 'NONE', #2709, #1605, #693 ) ;
#1329 = DIRECTION ( 'NONE',  ( 0.000000000000000000, 0.000000000000000000, -1.000000000000000000 ) ) ;
#1330 = FACE_OUTER_BOUND ( 'NONE', #2546, .T. ) ;
#1331 = VERTEX_POINT ( 'NONE', #164 ) ;
#1332 = ORIENTED_EDGE ( 'NONE', *, *, #1878, .F. ) ;
#1333 = CARTESIAN_POINT ( 'NONE',  ( -4.336808689942020891E-15, 8.000000000000000000, -30.00000000000000000 ) ) ;
#1334 = CARTESIAN_POINT ( 'NONE',  ( 49.80000000000002558, 5.000000000000000000, -34.24999999999999289 ) ) ;
#1335 = ORIENTED_EDGE ( 'NONE', *, *, #2001, .F. ) ;
#1336 = LINE ( 'NONE', #256, #954 ) ;
#1337 = ORIENTED_EDGE ( 'NONE', *, *, #26, .T. ) ;
#1338 = CARTESIAN_POINT ( 'NONE',  ( 115.8840379039920379, -42.32566285183167309, -13.67433714816850276 ) ) ;
#1339 = EDGE_CURVE ( 'NONE', #1847, #1083, #2785, .T. ) ;
#1340 = EDGE_CURVE ( 'NONE', #2125, #1479, #1477, .T. ) ;
#1341 = LINE ( 'NONE', #203, #2876 ) ;
#1342 = CARTESIAN_POINT ( 'NONE',  ( 60.50000000000000711, 13.00000000000000178, -27.99999999999998934 ) ) ;
#1343 = CARTESIAN_POINT ( 'NONE',  ( 49.80000000000001847, 5.000000000000000000, -55.50000000000000000 ) ) ;
#1344 = VERTEX_POINT ( 'NONE', #2822 ) ;
#1345 = AXIS2_PLACEMENT_3D ( 'NONE', #1855, #2526, #555 ) ;
#1346 = ORIENTED_EDGE ( 'NONE', *, *, #1896, .F. ) ;
#1347 = LINE ( 'NONE', #1333, #8 ) ;
#1348 = AXIS2_PLACEMENT_3D ( 'NONE', #2585, #171, #2789 ) ;
#1349 = PLANE ( 'NONE',  #257 ) ;
#1350 = ORIENTED_EDGE ( 'NONE', *, *, #2158, .F. ) ;
#1351 = LINE ( 'NONE', #1569, #2641 ) ;
#1352 = CIRCLE ( 'NONE', #2700, 1.400000000000001910 ) ;
#1353 = VERTEX_POINT ( 'NONE', #2155 ) ;
#1354 = CARTESIAN_POINT ( 'NONE',  ( 59.99999999999999289, -24.46446609406725514, -24.46446609406736172 ) ) ;
#1355 = DIRECTION ( 'NONE',  ( 0.000000000000000000, 0.000000000000000000, -1.000000000000000000 ) ) ;
#1356 = CARTESIAN_POINT ( 'NONE',  ( 59.99999999999999289, -34.15670749678984208, -14.77222469134480676 ) ) ;
#1357 = DIRECTION ( 'NONE',  ( 0.000000000000000000, 0.000000000000000000, 1.000000000000000000 ) ) ;
#1358 = DIRECTION ( 'NONE',  ( 4.625929269271486900E-16, 5.410052375805034242E-17, 1.000000000000000000 ) ) ;
#1359 = VERTEX_POINT ( 'NONE', #1726 ) ;
#1360 = FACE_OUTER_BOUND ( 'NONE', #1485, .T. ) ;
#1361 = LINE ( 'NONE', #1551, #168 ) ;
#1362 = EDGE_CURVE ( 'NONE', #1671, #1293, #2607, .T. ) ;
#1363 = ORIENTED_EDGE ( 'NONE', *, *, #730, .F. ) ;
#1364 = AXIS2_PLACEMENT_3D ( 'NONE', #1384, #105, #2279 ) ;
#1365 = CARTESIAN_POINT ( 'NONE',  ( 7.648707513706332062E-15, -2.000000000000000444, 16.53589838486223940 ) ) ;
#1366 = AXIS2_PLACEMENT_3D ( 'NONE', #2099, #2450, #32 ) ;
#1367 = ORIENTED_EDGE ( 'NONE', *, *, #670, .T. ) ;
#1368 = FACE_OUTER_BOUND ( 'NONE', #1022, .T. ) ;
#1369 = DIRECTION ( 'NONE',  ( 4.625929269271485914E-16, 0.000000000000000000, 1.000000000000000000 ) ) ;
#1370 = CYLINDRICAL_SURFACE ( 'NONE', #2506, 3.999999999999996447 ) ;
#1371 = DIRECTION ( 'NONE',  ( -0.000000000000000000, -1.000000000000000000, -0.000000000000000000 ) ) ;
#1372 = VERTEX_POINT ( 'NONE', #707 ) ;
#1373 = ORIENTED_EDGE ( 'NONE', *, *, #1183, .T. ) ;
#1374 = CARTESIAN_POINT ( 'NONE',  ( 49.75000000000000000, 5.000000000000000000, -8.150000000000007461 ) ) ;
#1375 = EDGE_CURVE ( 'NONE', #2558, #758, #999, .T. ) ;
#1376 = DIRECTION ( 'NONE',  ( 4.625929269271486900E-16, 0.000000000000000000, 1.000000000000000000 ) ) ;
#1377 = ORIENTED_EDGE ( 'NONE', *, *, #1516, .F. ) ;
#1378 = CARTESIAN_POINT ( 'NONE',  ( 60.00000000000001421, -4.660254037844397956, 8.071796769724452147 ) ) ;
#1379 = VECTOR ( 'NONE', #1999, 1000.000000000000000 ) ;
#1380 = ORIENTED_EDGE ( 'NONE', *, *, #942, .T. ) ;
#1381 = CARTESIAN_POINT ( 'NONE',  ( 8.999999999999984013, -13.82842712474625380, -35.10050506338829734 ) ) ;
#1382 = CARTESIAN_POINT ( 'NONE',  ( 0.000000000000000000, 0.000000000000000000, 0.000000000000000000 ) ) ;
#1383 = CARTESIAN_POINT ( 'NONE',  ( -2.590520390792032033E-14, -6.938893903907228378E-15, -55.99999999999996447 ) ) ;
#1384 = CARTESIAN_POINT ( 'NONE',  ( -9.656175598699023865E-17, -11.00000000000000000, -0.2072594216369185172 ) ) ;
#1385 = AXIS2_PLACEMENT_3D ( 'NONE', #691, #2462, #430 ) ;
#1386 = CARTESIAN_POINT ( 'NONE',  ( 12.40000000000000924, 5.000000000000000000, -30.00000000000000355 ) ) ;
#1387 = VECTOR ( 'NONE', #1761, 1000.000000000000000 ) ;
#1388 = VECTOR ( 'NONE', #1562, 1000.000000000000000 ) ;
#1389 = VERTEX_POINT ( 'NONE', #1986 ) ;
#1390 = DIRECTION ( 'NONE',  ( -0.000000000000000000, -1.000000000000000000, -0.000000000000000000 ) ) ;
#1391 = CARTESIAN_POINT ( 'NONE',  ( -1.850371707708606987E-15, 13.00000000000000178, -4.000000000000026645 ) ) ;
#1392 = CC_DESIGN_PERSON_AND_ORGANIZATION_ASSIGNMENT ( #2356, #355, ( #1836 ) ) ;
#1393 = EDGE_CURVE ( 'NONE', #77, #2602, #718, .T. ) ;
#1394 = ORIENTED_EDGE ( 'NONE', *, *, #506, .T. ) ;
#1395 = DIRECTION ( 'NONE',  ( 0.000000000000000000, 1.000000000000000000, -0.000000000000000000 ) ) ;
#1396 = EDGE_CURVE ( 'NONE', #2569, #1498, #1049, .T. ) ;
#1397 = EDGE_CURVE ( 'NONE', #2150, #2255, #248, .T. ) ;
#1398 = ORIENTED_EDGE ( 'NONE', *, *, #141, .T. ) ;
#1399 = DIRECTION ( 'NONE',  ( 1.000000000000000000, 0.000000000000000000, -6.424901762877063495E-17 ) ) ;
#1400 = CIRCLE ( 'NONE', #138, 4.000000000000001776 ) ;
#1401 = LINE ( 'NONE', #1382, #2102 ) ;
#1402 = DIRECTION ( 'NONE',  ( 0.000000000000000000, 0.000000000000000000, 1.000000000000000000 ) ) ;
#1403 = CARTESIAN_POINT ( 'NONE',  ( 39.75000000000000711, 5.000000000000000000, -8.150000000000003908 ) ) ;
#1404 = LINE ( 'NONE', #1160, #1629 ) ;
#1405 = DIRECTION ( 'NONE',  ( -0.000000000000000000, -1.000000000000000000, -0.000000000000000000 ) ) ;
#1406 = AXIS2_PLACEMENT_3D ( 'NONE', #1020, #2355, #1262 ) ;
#1407 = ORIENTED_EDGE ( 'NONE', *, *, #2186, .T. ) ;
#1408 = LINE ( 'NONE', #959, #513 ) ;
#1409 = ORIENTED_EDGE ( 'NONE', *, *, #396, .T. ) ;
#1410 = CIRCLE ( 'NONE', #2385, 2.000000000000001776 ) ;
#1411 = VERTEX_POINT ( 'NONE', #1144 ) ;
#1412 = DIRECTION ( 'NONE',  ( -0.000000000000000000, -1.000000000000000000, -0.000000000000000000 ) ) ;
#1413 = ADVANCED_FACE ( 'NONE', ( #205 ), #234, .F. ) ;
#1414 = AXIS2_PLACEMENT_3D ( 'NONE', #1563, #219, #2651 ) ;
#1415 = DIRECTION ( 'NONE',  ( 1.387778780781445182E-16, 0.000000000000000000, 1.000000000000000000 ) ) ;
#1416 = DIRECTION ( 'NONE',  ( 1.000000000000000000, 0.000000000000000000, -1.174552353525963794E-16 ) ) ;
#1417 = CARTESIAN_POINT ( 'NONE',  ( 60.50000000000000711, 8.000000000000000000, -27.99999999999998934 ) ) ;
#1418 = DIRECTION ( 'NONE',  ( 1.000000000000000000, 0.000000000000000000, -3.469446951953616161E-16 ) ) ;
#1419 = ORIENTED_EDGE ( 'NONE', *, *, #2112, .F. ) ;
#1420 = EDGE_CURVE ( 'NONE', #124, #2338, #1970, .T. ) ;
#1421 = CARTESIAN_POINT ( 'NONE',  ( -8.673617379884049277E-16, 5.000000000000000000, -4.999999999999991118 ) ) ;
#1422 = VECTOR ( 'NONE', #1575, 1000.000000000000000 ) ;
#1423 = VERTEX_POINT ( 'NONE', #2848 ) ;
#1424 = ORIENTED_EDGE ( 'NONE', *, *, #1785, .T. ) ;
#1425 = LINE ( 'NONE', #2317, #2233 ) ;
#1426 = ORIENTED_EDGE ( 'NONE', *, *, #1769, .F. ) ;
#1427 = PLANE ( 'NONE',  #2044 ) ;
#1428 = CYLINDRICAL_SURFACE ( 'NONE', #1193, 3.999999999999998224 ) ;
#1429 = APPROVAL ( #1249, 'æœª' ) ;
#1430 = DIRECTION ( 'NONE',  ( -0.000000000000000000, -1.000000000000000000, -0.000000000000000000 ) ) ;
#1431 = EDGE_CURVE ( 'NONE', #1973, #1686, #433, .T. ) ;
#1432 = ORIENTED_EDGE ( 'NONE', *, *, #1806, .F. ) ;
#1433 = DIRECTION ( 'NONE',  ( 1.000000000000000000, 0.000000000000000000, -6.424901762877063495E-17 ) ) ;
#1434 = CARTESIAN_POINT ( 'NONE',  ( 60.50000000000001421, 13.00000000000000178, -5.000000000000005329 ) ) ;
#1435 = EDGE_CURVE ( 'NONE', #135, #1982, #911, .T. ) ;
#1436 = CARTESIAN_POINT ( 'NONE',  ( 12.40000000000000924, 5.000000000000000000, -2.999999999999999556 ) ) ;
#1437 = ORIENTED_EDGE ( 'NONE', *, *, #1646, .F. ) ;
#1438 = AXIS2_PLACEMENT_3D ( 'NONE', #933, #890, #2704 ) ;
#1439 = ORIENTED_EDGE ( 'NONE', *, *, #2357, .T. ) ;
#1440 = VERTEX_POINT ( 'NONE', #2417 ) ;
#1441 = CARTESIAN_POINT ( 'NONE',  ( 12.40000000000000924, 5.000000000000000000, -7.966878185967565045E-16 ) ) ;
#1442 = DIRECTION ( 'NONE',  ( -0.000000000000000000, -1.000000000000000000, -0.000000000000000000 ) ) ;
#1443 = CARTESIAN_POINT ( 'NONE',  ( 60.50000000000001421, 13.00000000000000178, -1.825230787766902859E-14 ) ) ;
#1444 = PLANE ( 'NONE',  #2048 ) ;
#1445 = CARTESIAN_POINT ( 'NONE',  ( 49.80000000000001847, 8.000000000000000000, -57.75000000000000000 ) ) ;
#1446 = DIRECTION ( 'NONE',  ( 0.000000000000000000, 0.000000000000000000, 1.000000000000000000 ) ) ;
#1447 = VECTOR ( 'NONE', #2724, 1000.000000000000000 ) ;
#1448 = LINE ( 'NONE', #133, #2722 ) ;
#1449 = CARTESIAN_POINT ( 'NONE',  ( -2.827599265842193986E-15, 5.000000000000000000, -8.149999999999991473 ) ) ;
#1450 = ORIENTED_EDGE ( 'NONE', *, *, #1065, .T. ) ;
#1451 = DIRECTION ( 'NONE',  ( 0.000000000000000000, 1.000000000000000000, -0.000000000000000000 ) ) ;
#1452 = ADVANCED_FACE ( 'NONE', ( #694 ), #1546, .T. ) ;
#1453 = ORIENTED_EDGE ( 'NONE', *, *, #1883, .T. ) ;
#1454 = DIRECTION ( 'NONE',  ( 0.000000000000000000, 0.000000000000000000, -1.000000000000000000 ) ) ;
#1455 = ADVANCED_FACE ( 'NONE', ( #1330 ), #1114, .F. ) ;
#1456 = CYLINDRICAL_SURFACE ( 'NONE', #1932, 2.250000000000001776 ) ;
#1457 = ORIENTED_EDGE ( 'NONE', *, *, #59, .T. ) ;
#1458 = LINE ( 'NONE', #1441, #2544 ) ;
#1459 = DIRECTION ( 'NONE',  ( 0.000000000000000000, 0.000000000000000000, 1.000000000000000000 ) ) ;
#1460 = CARTESIAN_POINT ( 'NONE',  ( 59.99999999999999289, -7.000000000000003553, -32.27207793864210572 ) ) ;
#1461 = AXIS2_PLACEMENT_3D ( 'NONE', #739, #50, #1158 ) ;
#1462 = CIRCLE ( 'NONE', #1092, 1.399999999999998579 ) ;
#1463 = DIRECTION ( 'NONE',  ( -5.687904037542768540E-16, 0.000000000000000000, -1.000000000000000000 ) ) ;
#1464 = LOCAL_TIME ( 12, 19, 48.00000000000000000, #439 ) ;
#1465 = DIRECTION ( 'NONE',  ( 0.000000000000000000, 0.000000000000000000, 1.000000000000000000 ) ) ;
#1466 = ORIENTED_EDGE ( 'NONE', *, *, #1007, .T. ) ;
#1467 = ORIENTED_EDGE ( 'NONE', *, *, #2861, .F. ) ;
#1468 = EDGE_CURVE ( 'NONE', #1115, #1948, #2666, .T. ) ;
#1469 = DIRECTION ( 'NONE',  ( 0.000000000000000000, 0.000000000000000000, 1.000000000000000000 ) ) ;
#1470 = PERSON_AND_ORGANIZATION_ROLE ( 'creator' ) ;
#1471 = AXIS2_PLACEMENT_3D ( 'NONE', #2402, #2389, #2154 ) ;
#1472 = VERTEX_POINT ( 'NONE', #2466 ) ;
#1473 = CARTESIAN_POINT ( 'NONE',  ( 0.000000000000000000, 8.000000000000000000, -58.00000000000000000 ) ) ;
#1474 = EDGE_LOOP ( 'NONE', ( #907, #861, #2511, #2676 ) ) ;
#1475 = CARTESIAN_POINT ( 'NONE',  ( 0.000000000000000000, 5.000000000000000000, -60.00000000000000000 ) ) ;
#1476 = DIRECTION ( 'NONE',  ( -0.000000000000000000, -1.000000000000000000, -0.000000000000000000 ) ) ;
#1477 = LINE ( 'NONE', #1947, #1270 ) ;
#1478 = DIRECTION ( 'NONE',  ( -1.000000000000000000, -9.860761315262647568E-32, 4.625929269271486900E-16 ) ) ;
#1479 = VERTEX_POINT ( 'NONE', #2236 ) ;
#1480 = ORIENTED_EDGE ( 'NONE', *, *, #1484, .F. ) ;
#1481 = CIRCLE ( 'NONE', #358, 1.400000000000001910 ) ;
#1482 = DIRECTION ( 'NONE',  ( -0.000000000000000000, -1.000000000000000000, -0.000000000000000000 ) ) ;
#1483 = CARTESIAN_POINT ( 'NONE',  ( 10.50000000000002132, 8.000000000000000000, -30.00000000000000000 ) ) ;
#1484 = EDGE_CURVE ( 'NONE', #1195, #518, #1317, .T. ) ;
#1485 = EDGE_LOOP ( 'NONE', ( #500, #2268, #746, #2759 ) ) ;
#1486 = LINE ( 'NONE', #1226, #2178 ) ;
#1487 = AXIS2_PLACEMENT_3D ( 'NONE', #1798, #1813, #1157 ) ;
#1488 = EDGE_CURVE ( 'NONE', #2223, #1558, #1871, .T. ) ;
#1489 = ORIENTED_EDGE ( 'NONE', *, *, #1096, .F. ) ;
#1490 = LINE ( 'NONE', #2833, #2114 ) ;
#1491 = VECTOR ( 'NONE', #1616, 999.9999999999998863 ) ;
#1492 = DIRECTION ( 'NONE',  ( 0.000000000000000000, 0.000000000000000000, -1.000000000000000000 ) ) ;
#1493 = ADVANCED_FACE ( 'NONE', ( #2323 ), #475, .T. ) ;
#1494 = CARTESIAN_POINT ( 'NONE',  ( 9.000000000000007105, -2.000000000000000444, 18.53589838486223940 ) ) ;
#1495 = DIRECTION ( 'NONE',  ( 0.000000000000000000, 0.000000000000000000, 1.000000000000000000 ) ) ;
#1496 = ORIENTED_EDGE ( 'NONE', *, *, #1749, .T. ) ;
#1497 = CIRCLE ( 'NONE', #1260, 2.000000000000001776 ) ;
#1498 = VERTEX_POINT ( 'NONE', #527 ) ;
#1499 = DIRECTION ( 'NONE',  ( -0.000000000000000000, -1.000000000000000000, -0.000000000000000000 ) ) ;
#1500 = CARTESIAN_POINT ( 'NONE',  ( 49.75000000000000000, 5.000000000000000000, -5.350000000000004086 ) ) ;
#1501 = ORIENTED_EDGE ( 'NONE', *, *, #353, .T. ) ;
#1502 = CARTESIAN_POINT ( 'NONE',  ( 64.00000000000001421, 13.00000000000000178, -35.00000000000000000 ) ) ;
#1503 = ORIENTED_EDGE ( 'NONE', *, *, #2463, .T. ) ;
#1504 = CARTESIAN_POINT ( 'NONE',  ( 23.00000000000001776, 13.00000000000000178, -56.00000000000000000 ) ) ;
#1505 = ADVANCED_FACE ( 'NONE', ( #320 ), #494, .F. ) ;
#1506 = AXIS2_PLACEMENT_3D ( 'NONE', #365, #1972, #1086 ) ;
#1507 = DIRECTION ( 'NONE',  ( -1.000000000000000000, 0.000000000000000000, 4.625929269271485914E-16 ) ) ;
#1508 = ORIENTED_EDGE ( 'NONE', *, *, #2571, .F. ) ;
#1509 = VERTEX_POINT ( 'NONE', #310 ) ;
#1510 = FACE_OUTER_BOUND ( 'NONE', #2549, .T. ) ;
#1511 = CARTESIAN_POINT ( 'NONE',  ( 49.80000000000002558, 0.000000000000000000, -35.50000000000000000 ) ) ;
#1512 = ORIENTED_EDGE ( 'NONE', *, *, #480, .F. ) ;
#1513 = ORIENTED_EDGE ( 'NONE', *, *, #445, .T. ) ;
#1514 = DIRECTION ( 'NONE',  ( 0.000000000000000000, -0.7071067811865486830, 0.7071067811865464625 ) ) ;
#1515 = AXIS2_PLACEMENT_3D ( 'NONE', #1787, #918, #2674 ) ;
#1516 = EDGE_CURVE ( 'NONE', #2111, #1951, #1654, .T. ) ;
#1517 = PLANE ( 'NONE',  #1471 ) ;
#1518 = CARTESIAN_POINT ( 'NONE',  ( 0.000000000000000000, 13.00000000000000178, 0.000000000000000000 ) ) ;
#1519 = ORIENTED_EDGE ( 'NONE', *, *, #632, .T. ) ;
#1520 = ADVANCED_FACE ( 'NONE', ( #940 ), #983, .T. ) ;
#1521 = ADVANCED_FACE ( 'NONE', ( #2089 ), #1203, .F. ) ;
#1522 = EDGE_LOOP ( 'NONE', ( #416, #989, #1906, #1087 ) ) ;
#1523 = CARTESIAN_POINT ( 'NONE',  ( 8.500000000000007105, 8.000000000000000000, -27.99999999999998224 ) ) ;
#1524 = AXIS2_PLACEMENT_3D ( 'NONE', #1041, #849, #836 ) ;
#1525 = ORIENTED_EDGE ( 'NONE', *, *, #667, .T. ) ;
#1526 = VECTOR ( 'NONE', #1094, 1000.000000000000000 ) ;
#1527 = VECTOR ( 'NONE', #2803, 1000.000000000000114 ) ;
#1528 = ORIENTED_EDGE ( 'NONE', *, *, #760, .F. ) ;
#1529 = CARTESIAN_POINT ( 'NONE',  ( 8.500000000000007105, 13.00000000000000178, -27.99999999999998224 ) ) ;
#1530 = DIRECTION ( 'NONE',  ( 1.000000000000000000, 0.000000000000000000, -1.174552353525963794E-16 ) ) ;
#1531 = CARTESIAN_POINT ( 'NONE',  ( 55.64999999999999147, 8.000000000000000000, -28.00000000000000711 ) ) ;
#1532 = DIRECTION ( 'NONE',  ( 5.687904037542768540E-16, 1.352513093951258776E-16, 1.000000000000000000 ) ) ;
#1533 = EDGE_LOOP ( 'NONE', ( #1211, #892, #1103, #1753, #2639, #820, #1677, #1253, #583, #2690, #150, #535 ) ) ;
#1534 = ORIENTED_EDGE ( 'NONE', *, *, #2749, .T. ) ;
#1535 = CARTESIAN_POINT ( 'NONE',  ( 23.00000000000003553, 13.00000000000000178, -58.00000000000000000 ) ) ;
#1536 = EDGE_CURVE ( 'NONE', #1359, #2294, #1184, .T. ) ;
#1537 = FACE_OUTER_BOUND ( 'NONE', #337, .T. ) ;
#1538 = EDGE_LOOP ( 'NONE', ( #335, #2083 ) ) ;
#1539 = DIRECTION ( 'NONE',  ( -0.000000000000000000, -1.000000000000000000, -0.000000000000000000 ) ) ;
#1540 = EDGE_CURVE ( 'NONE', #1701, #2583, #2494, .T. ) ;
#1541 = AXIS2_PLACEMENT_3D ( 'NONE', #564, #1454, #123 ) ;
#1542 = ORIENTED_EDGE ( 'NONE', *, *, #1167, .F. ) ;
#1543 = DIRECTION ( 'NONE',  ( 0.000000000000000000, 0.000000000000000000, 1.000000000000000000 ) ) ;
#1544 = CARTESIAN_POINT ( 'NONE',  ( 49.75000000000000000, 5.000000000000000000, -6.750000000000006217 ) ) ;
#1545 = CARTESIAN_POINT ( 'NONE',  ( 49.80000000000001847, 8.000000000000000000, -55.50000000000000000 ) ) ;
#1546 = PLANE ( 'NONE',  #1414 ) ;
#1547 = ORIENTED_EDGE ( 'NONE', *, *, #1397, .T. ) ;
#1548 = ORIENTED_EDGE ( 'NONE', *, *, #1635, .T. ) ;
#1549 = DIRECTION ( 'NONE',  ( 2.843952018771391173E-16, 0.8660254037844380415, 0.5000000000000012212 ) ) ;
#1550 = VECTOR ( 'NONE', #2453, 1000.000000000000000 ) ;
#1551 = CARTESIAN_POINT ( 'NONE',  ( 49.80000000000001847, 8.000000000000000000, -57.75000000000000000 ) ) ;
#1552 = APPROVAL_ROLE ( '' ) ;
#1553 = ADVANCED_FACE ( 'NONE', ( #281, #2079 ), #76, .F. ) ;
#1554 = EDGE_CURVE ( 'NONE', #1634, #1331, #1834, .T. ) ;
#1555 = VERTEX_POINT ( 'NONE', #511 ) ;
#1556 = LINE ( 'NONE', #197, #1526 ) ;
#1557 = AXIS2_PLACEMENT_3D ( 'NONE', #260, #2049, #640 ) ;
#1558 = VERTEX_POINT ( 'NONE', #2064 ) ;
#1559 = DIRECTION ( 'NONE',  ( 1.000000000000000000, 9.860761315262647568E-32, -4.625929269271486900E-16 ) ) ;
#1560 = CARTESIAN_POINT ( 'NONE',  ( 12.40000000000000746, 0.000000000000000000, -16.50000000000000355 ) ) ;
#1561 = AXIS2_PLACEMENT_3D ( 'NONE', #834, #102, #1880 ) ;
#1562 = DIRECTION ( 'NONE',  ( -6.938893903907233900E-15, 0.000000000000000000, -1.000000000000000000 ) ) ;
#1563 = CARTESIAN_POINT ( 'NONE',  ( 0.000000000000000000, 8.000000000000000000, 0.000000000000000000 ) ) ;
#1564 = ORIENTED_EDGE ( 'NONE', *, *, #795, .F. ) ;
#1565 = VERTEX_POINT ( 'NONE', #91 ) ;
#1566 = CARTESIAN_POINT ( 'NONE',  ( 0.000000000000000000, 13.00000000000000178, -33.00000000000000000 ) ) ;
#1567 = CARTESIAN_POINT ( 'NONE',  ( 68.99999999999998579, -24.46446609406725514, -24.46446609406736528 ) ) ;
#1568 = ORIENTED_EDGE ( 'NONE', *, *, #1069, .F. ) ;
#1569 = CARTESIAN_POINT ( 'NONE',  ( 12.40000000000000746, 5.000000000000000000, -15.10000000000000497 ) ) ;
#1570 = ORIENTED_EDGE ( 'NONE', *, *, #2693, .T. ) ;
#1571 = CARTESIAN_POINT ( 'NONE',  ( 8.999999999999994671, -44.49599131818116149, -11.50400868181896818 ) ) ;
#1572 = EDGE_CURVE ( 'NONE', #366, #2008, #576, .T. ) ;
#1573 = EDGE_CURVE ( 'NONE', #1219, #2248, #997, .T. ) ;
#1574 = EDGE_CURVE ( 'NONE', #2248, #773, #2843, .T. ) ;
#1575 = DIRECTION ( 'NONE',  ( -0.000000000000000000, -1.000000000000000000, -0.000000000000000000 ) ) ;
#1576 = CARTESIAN_POINT ( 'NONE',  ( 50.65000000000020464, 8.000000000000000000, -3.514549762329027834E-13 ) ) ;
#1577 = DIRECTION ( 'NONE',  ( -1.000000000000000000, 0.000000000000000000, 0.000000000000000000 ) ) ;
#1578 = DIRECTION ( 'NONE',  ( -1.000000000000000000, 0.000000000000000000, 0.000000000000000000 ) ) ;
#1579 = AXIS2_PLACEMENT_3D ( 'NONE', #1215, #2307, #2322 ) ;
#1580 = EDGE_CURVE ( 'NONE', #2380, #2727, #783, .T. ) ;
#1581 = DIRECTION ( 'NONE',  ( 0.000000000000000000, 0.000000000000000000, 1.000000000000000000 ) ) ;
#1582 = ORIENTED_EDGE ( 'NONE', *, *, #2655, .T. ) ;
#1583 = LINE ( 'NONE', #2470, #2425 ) ;
#1584 = CARTESIAN_POINT ( 'NONE',  ( 8.999999999999987566, 0.000000000000000000, 0.000000000000000000 ) ) ;
#1585 = EDGE_LOOP ( 'NONE', ( #1070, #1643, #284, #264 ) ) ;
#1586 = DIRECTION ( 'NONE',  ( 0.000000000000000000, -0.8660254037844379305, -0.5000000000000011102 ) ) ;
#1587 = AXIS2_PLACEMENT_3D ( 'NONE', #2849, #1273, #1495 ) ;
#1588 = ORIENTED_EDGE ( 'NONE', *, *, #2710, .T. ) ;
#1589 = CARTESIAN_POINT ( 'NONE',  ( 8.500000000000007105, 13.00000000000000178, -5.000000000000013323 ) ) ;
#1590 = DIRECTION ( 'NONE',  ( 0.000000000000000000, -1.000000000000000000, 0.000000000000000000 ) ) ;
#1591 = FACE_OUTER_BOUND ( 'NONE', #2257, .T. ) ;
#1592 = EDGE_CURVE ( 'NONE', #1293, #2065, #263, .T. ) ;
#1593 = DIRECTION ( 'NONE',  ( 0.000000000000000000, 0.000000000000000000, 1.000000000000000000 ) ) ;
#1594 = LINE ( 'NONE', #1829, #2367 ) ;
#1595 = EDGE_LOOP ( 'NONE', ( #1730, #1250, #2805, #1662, #1197, #1699, #2547, #1892, #302, #1610 ) ) ;
#1596 = DIRECTION ( 'NONE',  ( 0.000000000000000000, 0.000000000000000000, 1.000000000000000000 ) ) ;
#1597 = CARTESIAN_POINT ( 'NONE',  ( 49.80000000000002558, 5.000000000000000000, -35.50000000000000000 ) ) ;
#1598 = ORIENTED_EDGE ( 'NONE', *, *, #1045, .T. ) ;
#1599 = AXIS2_PLACEMENT_3D ( 'NONE', #2742, #1640, #1709 ) ;
#1600 = PLANE ( 'NONE',  #550 ) ;
#1601 = AXIS2_PLACEMENT_3D ( 'NONE', #2324, #1872, #1492 ) ;
#1602 = ORIENTED_EDGE ( 'NONE', *, *, #1897, .F. ) ;
#1603 = FACE_OUTER_BOUND ( 'NONE', #2705, .T. ) ;
#1604 = LINE ( 'NONE', #2492, #704 ) ;
#1605 = DIRECTION ( 'NONE',  ( -1.174552353525963794E-16, 0.000000000000000000, -1.000000000000000000 ) ) ;
#1606 = DIRECTION ( 'NONE',  ( -1.000000000000000000, 0.000000000000000000, 5.337610695313258287E-16 ) ) ;
#1607 = ORIENTED_EDGE ( 'NONE', *, *, #969, .F. ) ;
#1608 = EDGE_CURVE ( 'NONE', #2436, #2488, #2167, .T. ) ;
#1609 = EDGE_CURVE ( 'NONE', #2029, #56, #568, .T. ) ;
#1610 = ORIENTED_EDGE ( 'NONE', *, *, #1609, .T. ) ;
#1611 = LINE ( 'NONE', #1178, #2516 ) ;
#1612 = LINE ( 'NONE', #2500, #626 ) ;
#1613 = EDGE_CURVE ( 'NONE', #690, #1472, #129, .T. ) ;
#1614 = CARTESIAN_POINT ( 'NONE',  ( 8.999999999999994671, -42.32566285183167309, -13.67433714816845303 ) ) ;
#1615 = ORIENTED_EDGE ( 'NONE', *, *, #276, .F. ) ;
#1616 = DIRECTION ( 'NONE',  ( -2.843952018771391173E-16, -0.8660254037844380415, -0.5000000000000012212 ) ) ;
#1617 = VECTOR ( 'NONE', #1200, 1000.000000000000000 ) ;
#1618 = EDGE_LOOP ( 'NONE', ( #1542, #1819, #812, #1965 ) ) ;
#1619 = CARTESIAN_POINT ( 'NONE',  ( 59.99999999999997868, 3.469446951953614189E-15, -55.99999999999997868 ) ) ;
#1620 =( LENGTH_UNIT ( ) NAMED_UNIT ( * ) SI_UNIT ( .MILLI., .METRE. ) );
#1621 = CARTESIAN_POINT ( 'NONE',  ( 23.00000000000003553, 13.00000000000000178, -33.00000000000000000 ) ) ;
#1622 = FACE_BOUND ( 'NONE', #1245, .T. ) ;
#1623 = DIRECTION ( 'NONE',  ( 1.000000000000000000, 0.000000000000000000, -5.687904037542768540E-16 ) ) ;
#1624 = CIRCLE ( 'NONE', #788, 3.999999999999998224 ) ;
#1625 = ORIENTED_EDGE ( 'NONE', *, *, #2169, .T. ) ;
#1626 = CIRCLE ( 'NONE', #1116, 1.250000000000001110 ) ;
#1627 = ORIENTED_EDGE ( 'NONE', *, *, #1326, .F. ) ;
#1628 = DIRECTION ( 'NONE',  ( 0.000000000000000000, 1.000000000000000000, -0.000000000000000000 ) ) ;
#1629 = VECTOR ( 'NONE', #912, 1000.000000000000000 ) ;
#1630 = VECTOR ( 'NONE', #817, 1000.000000000000000 ) ;
#1631 = ORIENTED_EDGE ( 'NONE', *, *, #142, .F. ) ;
#1632 = ADVANCED_FACE ( 'NONE', ( #1723 ), #2362, .T. ) ;
#1633 = DIRECTION ( 'NONE',  ( 1.000000000000000000, 0.000000000000000000, -0.000000000000000000 ) ) ;
#1634 = VERTEX_POINT ( 'NONE', #1445 ) ;
#1635 = EDGE_CURVE ( 'NONE', #1951, #409, #144, .T. ) ;
#1636 = LINE ( 'NONE', #1868, #2856 ) ;
#1637 = AXIS2_PLACEMENT_3D ( 'NONE', #1560, #876, #460 ) ;
#1638 = DIRECTION ( 'NONE',  ( -0.000000000000000000, -1.000000000000000000, 0.000000000000000000 ) ) ;
#1639 = PLANE ( 'NONE',  #977 ) ;
#1640 = DIRECTION ( 'NONE',  ( 1.000000000000000000, 9.860761315262647568E-32, -4.625929269271486900E-16 ) ) ;
#1641 = CARTESIAN_POINT ( 'NONE',  ( 8.500000000000007105, 8.000000000000000000, 0.000000000000000000 ) ) ;
#1642 = ORIENTED_EDGE ( 'NONE', *, *, #615, .T. ) ;
#1643 = ORIENTED_EDGE ( 'NONE', *, *, #1554, .F. ) ;
#1644 = CARTESIAN_POINT ( 'NONE',  ( 59.99999999999999289, -24.46446609406725514, -24.46446609406736172 ) ) ;
#1645 = AXIS2_PLACEMENT_3D ( 'NONE', #839, #1738, #1463 ) ;
#1646 = EDGE_CURVE ( 'NONE', #758, #2626, #2589, .T. ) ;
#1647 = VERTEX_POINT ( 'NONE', #118 ) ;
#1648 = CARTESIAN_POINT ( 'NONE',  ( 59.99999999999999289, -34.15670749678984208, -14.77222469134480676 ) ) ;
#1649 = ADVANCED_FACE ( 'NONE', ( #617 ), #2793, .F. ) ;
#1650 = DIRECTION ( 'NONE',  ( 1.000000000000000000, 0.000000000000000000, 0.000000000000000000 ) ) ;
#1651 = CIRCLE ( 'NONE', #2806, 2.000000000000000888 ) ;
#1652 = LINE ( 'NONE', #752, #913 ) ;
#1653 = FACE_BOUND ( 'NONE', #255, .T. ) ;
#1654 = LINE ( 'NONE', #1842, #2070 ) ;
#1655 = DIRECTION ( 'NONE',  ( 0.000000000000000000, 1.000000000000000000, -0.000000000000000000 ) ) ;
#1656 = CARTESIAN_POINT ( 'NONE',  ( 49.75000000000000000, 5.000000000000000000, -27.65000000000000568 ) ) ;
#1657 = ORIENTED_EDGE ( 'NONE', *, *, #2219, .F. ) ;
#1658 = CARTESIAN_POINT ( 'NONE',  ( 10.50000000000000711, 13.00000000000000178, -4.999999999999999112 ) ) ;
#1659 = VECTOR ( 'NONE', #2117, 1000.000000000000000 ) ;
#1660 = ORIENTED_EDGE ( 'NONE', *, *, #1324, .T. ) ;
#1661 = DIRECTION ( 'NONE',  ( 0.000000000000000000, 0.000000000000000000, 1.000000000000000000 ) ) ;
#1662 = ORIENTED_EDGE ( 'NONE', *, *, #952, .F. ) ;
#1663 = CARTESIAN_POINT ( 'NONE',  ( 40.50000000000000711, 13.00000000000000178, 0.000000000000000000 ) ) ;
#1664 = CALENDAR_DATE ( 2025, 24, 4 ) ;
#1665 = CARTESIAN_POINT ( 'NONE',  ( -3.523657060577889411E-16, 8.000000000000000000, -2.999999999999998224 ) ) ;
#1666 = LINE ( 'NONE', #951, #2594 ) ;
#1667 = CARTESIAN_POINT ( 'NONE',  ( 12.40000000000000746, 8.000000000000000000, -17.90000000000000213 ) ) ;
#1668 = CARTESIAN_POINT ( 'NONE',  ( 12.40000000000000746, 0.000000000000000000, -16.50000000000000355 ) ) ;
#1669 = EDGE_CURVE ( 'NONE', #2065, #20, #1490, .T. ) ;
#1670 = DIRECTION ( 'NONE',  ( 0.000000000000000000, 1.000000000000000000, -0.000000000000000000 ) ) ;
#1671 = VERTEX_POINT ( 'NONE', #2387 ) ;
#1672 = EDGE_CURVE ( 'NONE', #609, #2533, #1229, .T. ) ;
#1673 = VECTOR ( 'NONE', #1940, 1000.000000000000000 ) ;
#1674 = ORIENTED_EDGE ( 'NONE', *, *, #2447, .F. ) ;
#1675 = DIRECTION ( 'NONE',  ( 0.000000000000000000, 0.000000000000000000, -1.000000000000000000 ) ) ;
#1676 = DIRECTION ( 'NONE',  ( 0.000000000000000000, 0.000000000000000000, -1.000000000000000000 ) ) ;
#1677 = ORIENTED_EDGE ( 'NONE', *, *, #2784, .F. ) ;
#1678 = CARTESIAN_POINT ( 'NONE',  ( 40.50000000000000711, 13.00000000000000178, -3.000000000000000444 ) ) ;
#1679 = DIRECTION ( 'NONE',  ( -0.000000000000000000, -1.000000000000000000, -0.000000000000000000 ) ) ;
#1680 = CYLINDRICAL_SURFACE ( 'NONE', #1601, 4.000000000000000888 ) ;
#1681 = ADVANCED_FACE ( 'NONE', ( #586 ), #796, .T. ) ;
#1682 = EDGE_CURVE ( 'NONE', #1372, #2587, #1928, .T. ) ;
#1683 = DIRECTION ( 'NONE',  ( 0.000000000000000000, 0.000000000000000000, 1.000000000000000000 ) ) ;
#1684 = DIRECTION ( 'NONE',  ( 0.000000000000000000, 0.000000000000000000, -1.000000000000000000 ) ) ;
#1685 = CARTESIAN_POINT ( 'NONE',  ( 10.50000000000000711, 8.000000000000000000, -4.999999999999999112 ) ) ;
#1686 = VERTEX_POINT ( 'NONE', #2563 ) ;
#1687 = FACE_BOUND ( 'NONE', #1538, .T. ) ;
#1688 = VECTOR ( 'NONE', #1744, 1000.000000000000000 ) ;
#1689 = ORIENTED_EDGE ( 'NONE', *, *, #1574, .T. ) ;
#1690 = CYLINDRICAL_SURFACE ( 'NONE', #519, 2.250000000000001776 ) ;
#1691 = APPROVAL_ROLE ( '' ) ;
#1692 = ORIENTED_EDGE ( 'NONE', *, *, #2813, .F. ) ;
#1693 = EDGE_LOOP ( 'NONE', ( #1582, #1225, #889, #2455, #51, #1728, #2703, #2184, #636 ) ) ;
#1694 = DIRECTION ( 'NONE',  ( -0.000000000000000000, -1.000000000000000000, -0.000000000000000000 ) ) ;
#1695 = CARTESIAN_POINT ( 'NONE',  ( 64.99999999999994316, 13.00000000000000178, -60.00000000000000000 ) ) ;
#1696 = AXIS2_PLACEMENT_3D ( 'NONE', #1504, #2166, #807 ) ;
#1697 = FACE_OUTER_BOUND ( 'NONE', #1746, .T. ) ;
#1698 = DIRECTION ( 'NONE',  ( 1.000000000000000000, 0.000000000000000000, -5.337610695313257301E-16 ) ) ;
#1699 = ORIENTED_EDGE ( 'NONE', *, *, #115, .T. ) ;
#1700 = EDGE_CURVE ( 'NONE', #1712, #153, #744, .T. ) ;
#1701 = VERTEX_POINT ( 'NONE', #389 ) ;
#1702 = FACE_OUTER_BOUND ( 'NONE', #734, .T. ) ;
#1703 = EDGE_CURVE ( 'NONE', #2504, #1558, #1481, .T. ) ;
#1704 = EDGE_CURVE ( 'NONE', #612, #2383, #1019, .T. ) ;
#1705 = CARTESIAN_POINT ( 'NONE',  ( 59.99999999999999289, -13.82842712474626090, -35.10050506338831866 ) ) ;
#1706 = AXIS2_PLACEMENT_3D ( 'NONE', #2379, #838, #377 ) ;
#1707 = ORIENTED_EDGE ( 'NONE', *, *, #766, .F. ) ;
#1708 = ORIENTED_EDGE ( 'NONE', *, *, #2309, .T. ) ;
#1709 = DIRECTION ( 'NONE',  ( 4.625929269271486900E-16, 1.734723475976807883E-15, 1.000000000000000000 ) ) ;
#1710 = DIRECTION ( 'NONE',  ( 2.312964634635747887E-16, 0.8660254037844380415, 0.5000000000000012212 ) ) ;
#1711 = LINE ( 'NONE', #2592, #151 ) ;
#1712 = VERTEX_POINT ( 'NONE', #2377 ) ;
#1713 = ORIENTED_EDGE ( 'NONE', *, *, #2076, .T. ) ;
#1714 = CARTESIAN_POINT ( 'NONE',  ( -5.321673047517969656E-15, -44.49599131818116149, -11.50400868181896463 ) ) ;
#1715 = CYLINDRICAL_SURFACE ( 'NONE', #2739, 4.000000000000000000 ) ;
#1716 = PERSON_AND_ORGANIZATION_ROLE ( 'creator' ) ;
#1717 = EDGE_CURVE ( 'NONE', #1137, #1686, #2349, .T. ) ;
#1718 = ORIENTED_EDGE ( 'NONE', *, *, #2520, .T. ) ;
#1719 = AXIS2_PLACEMENT_3D ( 'NONE', #331, #90, #1187 ) ;
#1720 = ADVANCED_BREP_SHAPE_REPRESENTATION ( '\X2\7efc54088bfe8bbe\X0\ ult pir\X2\652f67b6\X0\', ( #83, #387 ), #531 ) ;
#1721 = EDGE_CURVE ( 'NONE', #2165, #1816, #2359, .T. ) ;
#1722 = ORIENTED_EDGE ( 'NONE', *, *, #2637, .T. ) ;
#1723 = FACE_OUTER_BOUND ( 'NONE', #286, .T. ) ;
#1724 = VECTOR ( 'NONE', #2175, 1000.000000000000000 ) ;
#1725 = CARTESIAN_POINT ( 'NONE',  ( -2.827599265842193986E-15, 0.000000000000000000, -8.149999999999991473 ) ) ;
#1726 = CARTESIAN_POINT ( 'NONE',  ( 21.00000000000001776, 13.00000000000000178, -35.00000000000000000 ) ) ;
#1727 = CARTESIAN_POINT ( 'NONE',  ( 50.65000000000000568, 8.000000000000000000, -5.000000000000000000 ) ) ;
#1728 = ORIENTED_EDGE ( 'NONE', *, *, #2517, .T. ) ;
#1729 = AXIS2_PLACEMENT_3D ( 'NONE', #179, #1047, #1465 ) ;
#1730 = ORIENTED_EDGE ( 'NONE', *, *, #1806, .T. ) ;
#1731 = DIRECTION ( 'NONE',  ( -0.000000000000000000, -1.000000000000000000, -0.000000000000000000 ) ) ;
#1732 = ORIENTED_EDGE ( 'NONE', *, *, #2463, .F. ) ;
#1733 = EDGE_CURVE ( 'NONE', #758, #1359, #1945, .T. ) ;
#1734 = EDGE_CURVE ( 'NONE', #1344, #174, #2191, .T. ) ;
#1735 = ORIENTED_EDGE ( 'NONE', *, *, #814, .F. ) ;
#1736 = CARTESIAN_POINT ( 'NONE',  ( 50.64999999999999858, 8.000000000000000000, -30.00000000000000711 ) ) ;
#1737 = ADVANCED_FACE ( 'NONE', ( #1099, #1983 ), #862, .T. ) ;
#1738 = DIRECTION ( 'NONE',  ( 1.000000000000000000, 0.000000000000000000, -5.687904037542768540E-16 ) ) ;
#1739 = AXIS2_PLACEMENT_3D ( 'NONE', #1242, #1694, #362 ) ;
#1740 = CARTESIAN_POINT ( 'NONE',  ( 23.00000000000003553, 8.000000000000000000, -33.00000000000000000 ) ) ;
#1741 = ORIENTED_EDGE ( 'NONE', *, *, #1220, .T. ) ;
#1742 = VECTOR ( 'NONE', #2556, 1000.000000000000000 ) ;
#1743 = ORIENTED_EDGE ( 'NONE', *, *, #882, .T. ) ;
#1744 = DIRECTION ( 'NONE',  ( -1.000000000000000000, 0.000000000000000000, 1.445602896647340396E-16 ) ) ;
#1745 = CARTESIAN_POINT ( 'NONE',  ( 39.75000000000000711, 5.000000000000000000, -24.85000000000000142 ) ) ;
#1746 = EDGE_LOOP ( 'NONE', ( #1467, #2352, #1722, #2699 ) ) ;
#1747 = ORIENTED_EDGE ( 'NONE', *, *, #2094, .F. ) ;
#1748 = DIRECTION ( 'NONE',  ( 6.424901762877063495E-17, 0.000000000000000000, 1.000000000000000000 ) ) ;
#1749 = EDGE_CURVE ( 'NONE', #2251, #2361, #893, .T. ) ;
#1750 = DIRECTION ( 'NONE',  ( -0.000000000000000000, -1.000000000000000000, -0.000000000000000000 ) ) ;
#1751 = EDGE_CURVE ( 'NONE', #1423, #1137, #2629, .T. ) ;
#1752 = CARTESIAN_POINT ( 'NONE',  ( 49.80000000000001847, 0.000000000000000000, -55.50000000000000000 ) ) ;
#1753 = ORIENTED_EDGE ( 'NONE', *, *, #1468, .F. ) ;
#1754 = AXIS2_PLACEMENT_3D ( 'NONE', #1475, #600, #1071 ) ;
#1755 = ADVANCED_FACE ( 'NONE', ( #2432 ), #2647, .F. ) ;
#1756 = EDGE_LOOP ( 'NONE', ( #1773, #200, #1409, #987 ) ) ;
#1757 = FACE_OUTER_BOUND ( 'NONE', #101, .T. ) ;
#1758 = CARTESIAN_POINT ( 'NONE',  ( 60.00000000000000711, 0.000000000000000000, -3.444268823326317668E-14 ) ) ;
#1759 = AXIS2_PLACEMENT_3D ( 'NONE', #1823, #316, #2706 ) ;
#1760 = ORIENTED_EDGE ( 'NONE', *, *, #2423, .T. ) ;
#1761 = DIRECTION ( 'NONE',  ( -0.000000000000000000, -1.000000000000000000, -0.000000000000000000 ) ) ;
#1762 = ORIENTED_EDGE ( 'NONE', *, *, #1635, .F. ) ;
#1763 = VECTOR ( 'NONE', #1578, 1000.000000000000000 ) ;
#1764 = CARTESIAN_POINT ( 'NONE',  ( -9.656175598699023865E-17, -11.00000000000000000, -0.2072594216369185172 ) ) ;
#1765 = PLANE ( 'NONE',  #2410 ) ;
#1766 = CARTESIAN_POINT ( 'NONE',  ( 23.00000000000001776, 13.00000000000000178, -56.00000000000000000 ) ) ;
#1767 = EDGE_LOOP ( 'NONE', ( #1145, #1568, #1017, #1162, #2092, #344, #2162, #1377, #160, #660, #2874, #1598, #1718, #955, #622, #10, #800, #434, #2714, #2147 ) ) ;
#1768 = PRODUCT_RELATED_PRODUCT_CATEGORY ( 'detail', '', ( #2777 ) ) ;
#1769 = EDGE_CURVE ( 'NONE', #1647, #2302, #1106, .T. ) ;
#1770 = ORIENTED_EDGE ( 'NONE', *, *, #546, .T. ) ;
#1771 = DIRECTION ( 'NONE',  ( 8.673617379884027583E-16, 0.000000000000000000, 1.000000000000000000 ) ) ;
#1772 = DIRECTION ( 'NONE',  ( 0.000000000000000000, 0.000000000000000000, 1.000000000000000000 ) ) ;
#1773 = ORIENTED_EDGE ( 'NONE', *, *, #2214, .F. ) ;
#1774 = DIRECTION ( 'NONE',  ( -1.000000000000000000, -9.860761315262647568E-32, 4.625929269271486900E-16 ) ) ;
#1775 = VECTOR ( 'NONE', #497, 1000.000000000000000 ) ;
#1776 = EDGE_LOOP ( 'NONE', ( #1865, #2838 ) ) ;
#1777 = DIRECTION ( 'NONE',  ( 1.734723475976812764E-16, -0.000000000000000000, 1.000000000000000000 ) ) ;
#1778 = LINE ( 'NONE', #48, #2747 ) ;
#1779 = FACE_OUTER_BOUND ( 'NONE', #2610, .T. ) ;
#1780 = DIRECTION ( 'NONE',  ( 0.000000000000000000, 0.000000000000000000, -1.000000000000000000 ) ) ;
#1781 = ORIENTED_EDGE ( 'NONE', *, *, #324, .T. ) ;
#1782 = VECTOR ( 'NONE', #589, 1000.000000000000000 ) ;
#1783 = CARTESIAN_POINT ( 'NONE',  ( 12.40000000000000746, 0.000000000000000000, -17.90000000000000213 ) ) ;
#1784 = VERTEX_POINT ( 'NONE', #2217 ) ;
#1785 = EDGE_CURVE ( 'NONE', #1837, #595, #675, .T. ) ;
#1786 = FACE_OUTER_BOUND ( 'NONE', #113, .T. ) ;
#1787 = CARTESIAN_POINT ( 'NONE',  ( 55.64999999999999147, 8.000000000000000000, 0.000000000000000000 ) ) ;
#1788 = CIRCLE ( 'NONE', #1882, 2.000000000000000000 ) ;
#1789 = EDGE_CURVE ( 'NONE', #966, #2065, #2663, .T. ) ;
#1790 = ORIENTED_EDGE ( 'NONE', *, *, #1807, .F. ) ;
#1791 = FACE_OUTER_BOUND ( 'NONE', #243, .T. ) ;
#1792 = CIRCLE ( 'NONE', #2540, 1.250000000000001110 ) ;
#1793 = ORIENTED_EDGE ( 'NONE', *, *, #1011, .T. ) ;
#1794 = EDGE_CURVE ( 'NONE', #1956, #787, #2496, .T. ) ;
#1795 = PLANE ( 'NONE',  #874 ) ;
#1796 = CYLINDRICAL_SURFACE ( 'NONE', #2393, 2.250000000000001776 ) ;
#1797 = AXIS2_PLACEMENT_3D ( 'NONE', #2040, #39, #2797 ) ;
#1798 = CARTESIAN_POINT ( 'NONE',  ( 60.00000000000000711, -11.00000000000000000, -0.2072594216369505749 ) ) ;
#1799 = DIRECTION ( 'NONE',  ( 0.000000000000000000, 0.000000000000000000, 1.000000000000000000 ) ) ;
#1800 = CARTESIAN_POINT ( 'NONE',  ( 58.50000000000000711, 13.00000000000000178, -5.000000000000005329 ) ) ;
#1801 = ORIENTED_EDGE ( 'NONE', *, *, #141, .F. ) ;
#1802 = FACE_OUTER_BOUND ( 'NONE', #2778, .T. ) ;
#1803 = DIRECTION ( 'NONE',  ( -0.000000000000000000, -1.000000000000000000, 0.000000000000000000 ) ) ;
#1804 = ORIENTED_EDGE ( 'NONE', *, *, #411, .T. ) ;
#1805 = FACE_OUTER_BOUND ( 'NONE', #741, .T. ) ;
#1806 = EDGE_CURVE ( 'NONE', #56, #2194, #458, .T. ) ;
#1807 = EDGE_CURVE ( 'NONE', #2329, #2143, #628, .T. ) ;
#1808 = ORIENTED_EDGE ( 'NONE', *, *, #2538, .F. ) ;
#1809 = CARTESIAN_POINT ( 'NONE',  ( 55.64999999999999147, 5.000000000000000000, -5.000000000000000888 ) ) ;
#1810 = CIRCLE ( 'NONE', #2782, 3.999999999999991562 ) ;
#1811 = EDGE_CURVE ( 'NONE', #1146, #485, #2202, .T. ) ;
#1812 = LINE ( 'NONE', #1327, #2673 ) ;
#1813 = DIRECTION ( 'NONE',  ( 1.000000000000000000, 0.000000000000000000, -5.687904037542768540E-16 ) ) ;
#1814 = CARTESIAN_POINT ( 'NONE',  ( 0.000000000000000000, 5.000000000000000000, -28.00000000000000711 ) ) ;
#1815 = DIRECTION ( 'NONE',  ( 4.625929269271486900E-16, 0.000000000000000000, 1.000000000000000000 ) ) ;
#1816 = VERTEX_POINT ( 'NONE', #230 ) ;
#1817 = DIRECTION ( 'NONE',  ( 0.000000000000000000, 1.000000000000000000, -0.000000000000000000 ) ) ;
#1818 = CARTESIAN_POINT ( 'NONE',  ( 3.999999999999973355, 5.000000000000000000, -56.00000000000000000 ) ) ;
#1819 = ORIENTED_EDGE ( 'NONE', *, *, #1431, .F. ) ;
#1820 = CARTESIAN_POINT ( 'NONE',  ( 8.999999999999992895, -34.15670749678984208, -14.77222469134478189 ) ) ;
#1821 = CIRCLE ( 'NONE', #325, 2.000000000000000000 ) ;
#1822 = EDGE_LOOP ( 'NONE', ( #1875, #2662, #591, #1053, #711, #2684, #188 ) ) ;
#1823 = CARTESIAN_POINT ( 'NONE',  ( 64.00000000000001421, 5.000000000000000000, -56.00000000000000000 ) ) ;
#1824 = ADVANCED_FACE ( 'NONE', ( #908 ), #1795, .T. ) ;
#1825 = LINE ( 'NONE', #1839, #2168 ) ;
#1826 = CARTESIAN_POINT ( 'NONE',  ( 8.999999999999994671, -31.32828037204367888, -11.94379756659856007 ) ) ;
#1827 = CARTESIAN_POINT ( 'NONE',  ( 58.50000000000000000, 13.00000000000000178, -28.00000000000000355 ) ) ;
#1828 = DIRECTION ( 'NONE',  ( 0.000000000000000000, 0.000000000000000000, -1.000000000000000000 ) ) ;
#1829 = CARTESIAN_POINT ( 'NONE',  ( -7.703719777548943412E-30, 0.000000000000000000, 3.563686280122928565E-45 ) ) ;
#1830 = ORIENTED_EDGE ( 'NONE', *, *, #615, .F. ) ;
#1831 = CARTESIAN_POINT ( 'NONE',  ( 9.000000000000000000, -6.999999999999999112, -0.2072594216369773312 ) ) ;
#1832 = CARTESIAN_POINT ( 'NONE',  ( 58.50000000000000000, 13.00000000000000178, -28.00000000000000355 ) ) ;
#1833 = VERTEX_POINT ( 'NONE', #2401 ) ;
#1834 = CIRCLE ( 'NONE', #17, 2.250000000000001776 ) ;
#1835 = AXIS2_PLACEMENT_3D ( 'NONE', #2363, #1655, #1256 ) ;
#1836 = PRODUCT_DEFINITION_FORMATION_WITH_SPECIFIED_SOURCE ( 'ä»', '', #2777, .NOT_KNOWN. ) ;
#1837 = VERTEX_POINT ( 'NONE', #1529 ) ;
#1838 = LINE ( 'NONE', #2523, #350 ) ;
#1839 = CARTESIAN_POINT ( 'NONE',  ( 64.00000000000000000, 13.00000000000000178, -33.00000000000000000 ) ) ;
#1840 = DIRECTION ( 'NONE',  ( 0.000000000000000000, 1.000000000000000000, -0.000000000000000000 ) ) ;
#1841 = CARTESIAN_POINT ( 'NONE',  ( 68.99999999999998579, -11.00000000000000355, -36.27207793864220520 ) ) ;
#1842 = CARTESIAN_POINT ( 'NONE',  ( -3.523657060577889411E-16, 13.00000000000000178, -2.999999999999998224 ) ) ;
#1843 = EDGE_LOOP ( 'NONE', ( #846, #407, #1062, #2054, #776, #454, #2314, #1432, #903, #1303 ) ) ;
#1844 = VECTOR ( 'NONE', #2835, 1000.000000000000000 ) ;
#1845 = EDGE_CURVE ( 'NONE', #124, #1313, #403, .T. ) ;
#1846 = DIRECTION ( 'NONE',  ( 0.000000000000000000, 0.000000000000000000, 1.000000000000000000 ) ) ;
#1847 = VERTEX_POINT ( 'NONE', #2414 ) ;
#1848 = CARTESIAN_POINT ( 'NONE',  ( 68.99999999999998579, -34.15670749678984208, -14.77222469134481209 ) ) ;
#1849 = EDGE_CURVE ( 'NONE', #2727, #2760, #523, .T. ) ;
#1850 = ORIENTED_EDGE ( 'NONE', *, *, #1113, .T. ) ;
#1851 = FACE_OUTER_BOUND ( 'NONE', #1618, .T. ) ;
#1852 = VERTEX_POINT ( 'NONE', #1619 ) ;
#1853 = PLANE ( 'NONE',  #1159 ) ;
#1854 = DIRECTION ( 'NONE',  ( 0.000000000000000000, 0.000000000000000000, -1.000000000000000000 ) ) ;
#1855 = CARTESIAN_POINT ( 'NONE',  ( 64.99999999999997158, 13.00000000000000178, -56.00000000000000000 ) ) ;
#1856 = CARTESIAN_POINT ( 'NONE',  ( 50.65000000000020464, 5.000000000000000000, -3.514549762329027834E-13 ) ) ;
#1857 = VECTOR ( 'NONE', #2030, 1000.000000000000000 ) ;
#1858 = ORIENTED_EDGE ( 'NONE', *, *, #187, .T. ) ;
#1859 = VECTOR ( 'NONE', #2034, 1000.000000000000000 ) ;
#1860 = CARTESIAN_POINT ( 'NONE',  ( 60.00000000000001421, 0.000000000000000000, 10.76239569296596166 ) ) ;
#1861 = ORIENTED_EDGE ( 'NONE', *, *, #1613, .F. ) ;
#1862 = EDGE_CURVE ( 'NONE', #2361, #485, #935, .T. ) ;
#1863 = ADVANCED_FACE ( 'NONE', ( #1368 ), #2319, .T. ) ;
#1864 = VECTOR ( 'NONE', #2775, 1000.000000000000000 ) ;
#1865 = ORIENTED_EDGE ( 'NONE', *, *, #1393, .T. ) ;
#1866 = DIRECTION ( 'NONE',  ( 1.000000000000000000, 9.860761315262647568E-32, -4.625929269271486900E-16 ) ) ;
#1867 = ORIENTED_EDGE ( 'NONE', *, *, #952, .T. ) ;
#1868 = CARTESIAN_POINT ( 'NONE',  ( 21.00000000000001776, 8.000000000000000000, 0.000000000000000000 ) ) ;
#1869 = AXIS2_PLACEMENT_3D ( 'NONE', #446, #1590, #2632 ) ;
#1870 = LINE ( 'NONE', #1621, #189 ) ;
#1871 = LINE ( 'NONE', #1403, #1231 ) ;
#1872 = DIRECTION ( 'NONE',  ( -0.000000000000000000, -1.000000000000000000, -0.000000000000000000 ) ) ;
#1873 = CARTESIAN_POINT ( 'NONE',  ( 12.40000000000000924, 8.000000000000000000, -2.999999999999999556 ) ) ;
#1874 = ORIENTED_EDGE ( 'NONE', *, *, #148, .F. ) ;
#1875 = ORIENTED_EDGE ( 'NONE', *, *, #64, .F. ) ;
#1876 = DIRECTION ( 'NONE',  ( -0.000000000000000000, -1.000000000000000000, -0.000000000000000000 ) ) ;
#1877 = AXIS2_PLACEMENT_3D ( 'NONE', #1933, #2799, #1258 ) ;
#1878 = EDGE_CURVE ( 'NONE', #2125, #2029, #1248, .T. ) ;
#1879 = ORIENTED_EDGE ( 'NONE', *, *, #1340, .F. ) ;
#1880 = DIRECTION ( 'NONE',  ( 0.000000000000000000, 0.000000000000000000, 1.000000000000000000 ) ) ;
#1881 = APPROVAL_STATUS ( 'not_yet_approved' ) ;
#1882 = AXIS2_PLACEMENT_3D ( 'NONE', #1658, #1451, #2341 ) ;
#1883 = EDGE_CURVE ( 'NONE', #835, #1979, #490, .T. ) ;
#1884 = DIRECTION ( 'NONE',  ( -3.016910393003144831E-16, 0.000000000000000000, -1.000000000000000000 ) ) ;
#1885 = CARTESIAN_POINT ( 'NONE',  ( 0.000000000000000000, 8.000000000000000000, 0.000000000000000000 ) ) ;
#1886 = DIRECTION ( 'NONE',  ( 1.000000000000000000, 0.000000000000000000, -5.337610695313257301E-16 ) ) ;
#1887 = CARTESIAN_POINT ( 'NONE',  ( 26.00000000000002132, 5.000000000000000000, -33.00000000000000000 ) ) ;
#1888 = LINE ( 'NONE', #334, #1981 ) ;
#1889 = FACE_OUTER_BOUND ( 'NONE', #961, .T. ) ;
#1890 = ORIENTED_EDGE ( 'NONE', *, *, #1682, .F. ) ;
#1891 = VECTOR ( 'NONE', #2312, 1000.000000000000000 ) ;
#1892 = ORIENTED_EDGE ( 'NONE', *, *, #2253, .F. ) ;
#1893 = DIRECTION ( 'NONE',  ( 0.000000000000000000, 1.000000000000000000, -0.000000000000000000 ) ) ;
#1894 = ORIENTED_EDGE ( 'NONE', *, *, #2830, .F. ) ;
#1895 = DIRECTION ( 'NONE',  ( -1.000000000000000000, 0.000000000000000000, 0.000000000000000000 ) ) ;
#1896 = EDGE_CURVE ( 'NONE', #2338, #2251, #2132, .T. ) ;
#1897 = EDGE_CURVE ( 'NONE', #2626, #1389, #1636, .T. ) ;
#1898 = DIRECTION ( 'NONE',  ( -1.000000000000000000, 0.000000000000000000, 1.445602896647340396E-16 ) ) ;
#1899 = DIRECTION ( 'NONE',  ( 1.000000000000000000, 0.000000000000000000, -5.337610695313257301E-16 ) ) ;
#1900 = VECTOR ( 'NONE', #2231, 1000.000000000000000 ) ;
#1901 = CARTESIAN_POINT ( 'NONE',  ( 59.99999999999997868, 3.469446951953614189E-15, -55.99999999999997868 ) ) ;
#1902 = DIRECTION ( 'NONE',  ( -0.000000000000000000, -1.000000000000000000, -0.000000000000000000 ) ) ;
#1903 = EDGE_LOOP ( 'NONE', ( #749, #1179, #2560, #1976 ) ) ;
#1904 = VECTOR ( 'NONE', #1311, 1000.000000000000000 ) ;
#1905 = VECTOR ( 'NONE', #1066, 1000.000000000000000 ) ;
#1906 = ORIENTED_EDGE ( 'NONE', *, *, #1721, .T. ) ;
#1907 = DIRECTION ( 'NONE',  ( 0.000000000000000000, 0.000000000000000000, -1.000000000000000000 ) ) ;
#1908 = ORIENTED_EDGE ( 'NONE', *, *, #1769, .T. ) ;
#1909 = DIRECTION ( 'NONE',  ( -1.000000000000000000, 0.000000000000000000, 0.000000000000000000 ) ) ;
#1910 = PRODUCT_DEFINITION ( 'æœ', '', #1836, #1170 ) ;
#1911 = CIRCLE ( 'NONE', #2648, 1.400000000000001910 ) ;
#1912 = EDGE_CURVE ( 'NONE', #1140, #2150, #1212, .T. ) ;
#1913 = EDGE_LOOP ( 'NONE', ( #2635, #1760 ) ) ;
#1914 = CARTESIAN_POINT ( 'NONE',  ( 58.50000000000000000, 13.00000000000000178, -3.000000000000005329 ) ) ;
#1915 = DIRECTION ( 'NONE',  ( -0.000000000000000000, -1.000000000000000000, -0.000000000000000000 ) ) ;
#1916 = EDGE_CURVE ( 'NONE', #2668, #690, #1838, .T. ) ;
#1917 = FACE_OUTER_BOUND ( 'NONE', #714, .T. ) ;
#1918 = DIRECTION ( 'NONE',  ( 1.000000000000000000, 0.000000000000000000, 0.000000000000000000 ) ) ;
#1919 = DIRECTION ( 'NONE',  ( -1.000000000000000000, -9.860761315262647568E-32, 4.625929269271486900E-16 ) ) ;
#1920 = ORIENTED_EDGE ( 'NONE', *, *, #2041, .F. ) ;
#1921 = CARTESIAN_POINT ( 'NONE',  ( 9.000000000000001776, -11.00000000000000000, 3.792740578363077208 ) ) ;
#1922 = AXIS2_PLACEMENT_3D ( 'NONE', #223, #2009, #1771 ) ;
#1923 = EDGE_LOOP ( 'NONE', ( #1419, #1512, #1123, #2407 ) ) ;
#1924 = EDGE_LOOP ( 'NONE', ( #884, #2026, #2422, #1009 ) ) ;
#1925 = DIRECTION ( 'NONE',  ( -1.000000000000000000, 0.000000000000000000, 4.625929269271485914E-16 ) ) ;
#1926 = VECTOR ( 'NONE', #1918, 1000.000000000000000 ) ;
#1927 = ORIENTED_EDGE ( 'NONE', *, *, #779, .T. ) ;
#1928 = LINE ( 'NONE', #2151, #1015 ) ;
#1929 = CARTESIAN_POINT ( 'NONE',  ( 10.50000000000000711, 13.00000000000000178, -28.00000000000000000 ) ) ;
#1930 = VECTOR ( 'NONE', #2821, 1000.000000000000000 ) ;
#1931 = CARTESIAN_POINT ( 'NONE',  ( 12.40000000000000746, 5.000000000000000000, -16.50000000000000355 ) ) ;
#1932 = AXIS2_PLACEMENT_3D ( 'NONE', #370, #1210, #1676 ) ;
#1933 = CARTESIAN_POINT ( 'NONE',  ( 49.80000000000001847, 5.000000000000000000, -55.50000000000000000 ) ) ;
#1934 = EDGE_LOOP ( 'NONE', ( #1394, #2281, #1747, #2468, #2613, #2241 ) ) ;
#1935 = EDGE_CURVE ( 'NONE', #2013, #2255, #86, .T. ) ;
#1936 = VECTOR ( 'NONE', #1884, 1000.000000000000000 ) ;
#1937 = ORIENTED_EDGE ( 'NONE', *, *, #1007, .F. ) ;
#1938 = CARTESIAN_POINT ( 'NONE',  ( 49.80000000000002558, 8.000000000000000000, -35.50000000000000000 ) ) ;
#1939 = ADVANCED_FACE ( 'NONE', ( #1603 ), #1427, .T. ) ;
#1940 = DIRECTION ( 'NONE',  ( 1.000000000000000000, 0.000000000000000000, -5.337610695313257301E-16 ) ) ;
#1941 = VECTOR ( 'NONE', #931, 1000.000000000000000 ) ;
#1942 = VERTEX_POINT ( 'NONE', #980 ) ;
#1943 = DIRECTION ( 'NONE',  ( 0.000000000000000000, 0.000000000000000000, -1.000000000000000000 ) ) ;
#1944 = EDGE_LOOP ( 'NONE', ( #2712, #1004 ) ) ;
#1945 = LINE ( 'NONE', #14, #2780 ) ;
#1946 = CARTESIAN_POINT ( 'NONE',  ( 8.999999999999992895, -34.15670749678984208, -14.77222469134478189 ) ) ;
#1947 = CARTESIAN_POINT ( 'NONE',  ( -1.850371707708606987E-15, 5.000000000000000000, -4.000000000000026645 ) ) ;
#1948 = VERTEX_POINT ( 'NONE', #963 ) ;
#1949 = CARTESIAN_POINT ( 'NONE',  ( 9.000000000000007105, -8.660254037844396180, 14.99999999999998046 ) ) ;
#1950 = APPROVAL ( #425, 'æœª' ) ;
#1951 = VERTEX_POINT ( 'NONE', #1169 ) ;
#1952 = EDGE_CURVE ( 'NONE', #2376, #251, #1624, .T. ) ;
#1953 = DIRECTION ( 'NONE',  ( -0.000000000000000000, -1.000000000000000000, -0.000000000000000000 ) ) ;
#1954 = PLANE ( 'NONE',  #1295 ) ;
#1955 = PERSON_AND_ORGANIZATION ( #575, #2301 ) ;
#1956 = VERTEX_POINT ( 'NONE', #1381 ) ;
#1957 = VERTEX_POINT ( 'NONE', #1589 ) ;
#1958 = CARTESIAN_POINT ( 'NONE',  ( 26.00000000000002132, 8.000000000000000000, -32.99999999999999289 ) ) ;
#1959 = CARTESIAN_POINT ( 'NONE',  ( 49.80000000000001847, 8.000000000000000000, -55.50000000000000000 ) ) ;
#1960 = VERTEX_POINT ( 'NONE', #1809 ) ;
#1961 = AXIS2_PLACEMENT_3D ( 'NONE', #2124, #1902, #1176 ) ;
#1962 = ORIENTED_EDGE ( 'NONE', *, *, #1703, .T. ) ;
#1963 = CYLINDRICAL_SURFACE ( 'NONE', #751, 1.400000000000001910 ) ;
#1964 = LINE ( 'NONE', #2397, #1673 ) ;
#1965 = ORIENTED_EDGE ( 'NONE', *, *, #2253, .T. ) ;
#1966 = EDGE_CURVE ( 'NONE', #2399, #773, #2691, .T. ) ;
#1967 = EDGE_LOOP ( 'NONE', ( #288, #295, #625, #2807 ) ) ;
#1968 = DIRECTION ( 'NONE',  ( -0.000000000000000000, -1.000000000000000000, -0.000000000000000000 ) ) ;
#1969 = EDGE_CURVE ( 'NONE', #1956, #251, #2273, .T. ) ;
#1970 = LINE ( 'NONE', #464, #906 ) ;
#1971 = AXIS2_PLACEMENT_3D ( 'NONE', #1766, #2247, #1357 ) ;
#1972 = DIRECTION ( 'NONE',  ( -1.000000000000000000, -9.860761315262647568E-32, 4.625929269271486900E-16 ) ) ;
#1973 = VERTEX_POINT ( 'NONE', #702 ) ;
#1974 = AXIS2_PLACEMENT_3D ( 'NONE', #213, #1323, #2430 ) ;
#1975 = VECTOR ( 'NONE', #710, 1000.000000000000000 ) ;
#1976 = ORIENTED_EDGE ( 'NONE', *, *, #442, .T. ) ;
#1977 = CARTESIAN_POINT ( 'NONE',  ( 65.00000000000000000, 0.000000000000000000, 2.602085213965210642E-15 ) ) ;
#1978 = DIRECTION ( 'NONE',  ( -1.000000000000000000, 0.000000000000000000, 4.625929269271485914E-16 ) ) ;
#1979 = VERTEX_POINT ( 'NONE', #2059 ) ;
#1980 = FACE_OUTER_BOUND ( 'NONE', #1150, .T. ) ;
#1981 = VECTOR ( 'NONE', #1405, 1000.000000000000000 ) ;
#1982 = VERTEX_POINT ( 'NONE', #2475 ) ;
#1983 = FACE_BOUND ( 'NONE', #2160, .T. ) ;
#1984 = EDGE_CURVE ( 'NONE', #2602, #2788, #1155, .T. ) ;
#1985 = PLANE ( 'NONE',  #1869 ) ;
#1986 = CARTESIAN_POINT ( 'NONE',  ( 21.00000000000001776, 8.000000000000000000, -35.00000000000000000 ) ) ;
#1987 = ORIENTED_EDGE ( 'NONE', *, *, #1431, .T. ) ;
#1988 = VECTOR ( 'NONE', #2101, 1000.000000000000000 ) ;
#1989 = DIRECTION ( 'NONE',  ( 0.000000000000000000, 1.000000000000000000, -0.000000000000000000 ) ) ;
#1990 = ORIENTED_EDGE ( 'NONE', *, *, #1096, .T. ) ;
#1991 = CARTESIAN_POINT ( 'NONE',  ( -4.336808689942020891E-15, 8.000000000000000000, -30.00000000000000000 ) ) ;
#1992 = FACE_BOUND ( 'NONE', #755, .T. ) ;
#1993 = CALENDAR_DATE ( 2025, 24, 4 ) ;
#1994 = VECTOR ( 'NONE', #2537, 1000.000000000000000 ) ;
#1995 = EDGE_LOOP ( 'NONE', ( #2497, #1762, #2841, #356 ) ) ;
#1996 = CARTESIAN_POINT ( 'NONE',  ( 0.000000000000000000, 5.000000000000000000, -27.65000000000000568 ) ) ;
#1997 = CIRCLE ( 'NONE', #503, 2.250000000000001776 ) ;
#1998 = ORIENTED_EDGE ( 'NONE', *, *, #726, .T. ) ;
#1999 = DIRECTION ( 'NONE',  ( -1.000000000000000000, 0.000000000000000000, 4.625929269271485914E-16 ) ) ;
#2000 = VECTOR ( 'NONE', #1799, 1000.000000000000000 ) ;
#2001 = EDGE_CURVE ( 'NONE', #2143, #2376, #507, .T. ) ;
#2002 = CARTESIAN_POINT ( 'NONE',  ( 49.80000000000002558, 8.000000000000000000, -34.24999999999999289 ) ) ;
#2003 = DIRECTION ( 'NONE',  ( -1.000000000000000000, 0.000000000000000000, 0.000000000000000000 ) ) ;
#2004 = ORIENTED_EDGE ( 'NONE', *, *, #45, .F. ) ;
#2005 = ADVANCED_FACE ( 'NONE', ( #2074 ), #1853, .T. ) ;
#2006 = ADVANCED_FACE ( 'NONE', ( #821 ), #584, .F. ) ;
#2007 = CIRCLE ( 'NONE', #1637, 1.399999999999998579 ) ;
#2008 = VERTEX_POINT ( 'NONE', #567 ) ;
#2009 = DIRECTION ( 'NONE',  ( -1.000000000000000000, 0.000000000000000000, 4.625929269271485914E-16 ) ) ;
#2010 = DIRECTION ( 'NONE',  ( 4.021955515684827408E-16, -0.7071067811865487940, 0.7071067811865463515 ) ) ;
#2011 = EDGE_CURVE ( 'NONE', #20, #2727, #1458, .T. ) ;
#2012 = DATE_AND_TIME ( #651, #1464 ) ;
#2013 = VERTEX_POINT ( 'NONE', #613 ) ;
#2014 = DIRECTION ( 'NONE',  ( 0.000000000000000000, 0.000000000000000000, -1.000000000000000000 ) ) ;
#2015 = VERTEX_POINT ( 'NONE', #596 ) ;
#2016 = DIRECTION ( 'NONE',  ( 1.000000000000000000, 0.000000000000000000, -1.734723475976812764E-16 ) ) ;
#2017 = FACE_OUTER_BOUND ( 'NONE', #1585, .T. ) ;
#2018 = DIRECTION ( 'NONE',  ( -0.000000000000000000, -1.000000000000000000, -0.000000000000000000 ) ) ;
#2019 = CARTESIAN_POINT ( 'NONE',  ( 115.8840379039920379, 4.336808689942017736E-16, 10.76239569296593501 ) ) ;
#2020 = CARTESIAN_POINT ( 'NONE',  ( 68.99999999999998579, -11.00000000000000355, -32.27207793864220520 ) ) ;
#2021 = CIRCLE ( 'NONE', #2758, 4.000000000000000000 ) ;
#2022 = ORIENTED_EDGE ( 'NONE', *, *, #397, .F. ) ;
#2023 = CARTESIAN_POINT ( 'NONE',  ( 3.999999999999998224, 5.000000000000000000, -4.000000000000000000 ) ) ;
#2024 = ADVANCED_FACE ( 'NONE', ( #1054 ), #2346, .F. ) ;
#2025 = DIRECTION ( 'NONE',  ( 0.000000000000000000, 1.000000000000000000, -0.000000000000000000 ) ) ;
#2026 = ORIENTED_EDGE ( 'NONE', *, *, #2568, .T. ) ;
#2027 = CARTESIAN_POINT ( 'NONE',  ( 9.000000000000003553, -4.660254037844395292, 8.071796769724477016 ) ) ;
#2028 = CIRCLE ( 'NONE', #2604, 3.999999999999996447 ) ;
#2029 = VERTEX_POINT ( 'NONE', #2573 ) ;
#2030 = DIRECTION ( 'NONE',  ( -0.000000000000000000, -1.000000000000000000, -0.000000000000000000 ) ) ;
#2031 = CARTESIAN_POINT ( 'NONE',  ( -3.523657060577889411E-16, 5.000000000000000000, -2.999999999999998224 ) ) ;
#2032 = DIRECTION ( 'NONE',  ( -0.000000000000000000, -1.000000000000000000, -0.000000000000000000 ) ) ;
#2033 = AXIS2_PLACEMENT_3D ( 'NONE', #1832, #2025, #225 ) ;
#2034 = DIRECTION ( 'NONE',  ( -0.000000000000000000, -1.000000000000000000, -0.000000000000000000 ) ) ;
#2035 = DIRECTION ( 'NONE',  ( 0.000000000000000000, 1.000000000000000000, -0.000000000000000000 ) ) ;
#2036 = LINE ( 'NONE', #927, #2144 ) ;
#2037 = DIRECTION ( 'NONE',  ( 0.000000000000000000, 0.000000000000000000, -1.000000000000000000 ) ) ;
#2038 = EDGE_LOOP ( 'NONE', ( #1962, #1088, #4, #495 ) ) ;
#2039 = CYLINDRICAL_SURFACE ( 'NONE', #1922, 2.000000000000001776 ) ;
#2040 = CARTESIAN_POINT ( 'NONE',  ( 9.000000000000000000, -7.596454196607838998E-61, -4.163336342344337027E-15 ) ) ;
#2041 = EDGE_CURVE ( 'NONE', #2302, #835, #1486, .T. ) ;
#2042 = EDGE_LOOP ( 'NONE', ( #1804, #120 ) ) ;
#2043 = DIRECTION ( 'NONE',  ( -3.271025955591204078E-16, -0.7071067811865463515, -0.7071067811865487940 ) ) ;
#2044 = AXIS2_PLACEMENT_3D ( 'NONE', #2046, #1399, #2489 ) ;
#2045 = ORIENTED_EDGE ( 'NONE', *, *, #1393, .F. ) ;
#2046 = CARTESIAN_POINT ( 'NONE',  ( 12.40000000000000924, 8.000000000000000000, -7.966878185967565045E-16 ) ) ;
#2047 = CIRCLE ( 'NONE', #1120, 4.000000000000000000 ) ;
#2048 = AXIS2_PLACEMENT_3D ( 'NONE', #2088, #294, #526 ) ;
#2049 = DIRECTION ( 'NONE',  ( 0.000000000000000000, 1.000000000000000000, -0.000000000000000000 ) ) ;
#2050 = LINE ( 'NONE', #2649, #1032 ) ;
#2051 = CARTESIAN_POINT ( 'NONE',  ( 59.99999999999999289, -11.00000000000000355, -32.27207793864219809 ) ) ;
#2052 = DIRECTION ( 'NONE',  ( -6.938893903907233900E-15, 0.000000000000000000, -1.000000000000000000 ) ) ;
#2053 = LINE ( 'NONE', #1243, #2207 ) ;
#2054 = ORIENTED_EDGE ( 'NONE', *, *, #1191, .F. ) ;
#2055 = DIRECTION ( 'NONE',  ( 0.000000000000000000, 0.000000000000000000, 1.000000000000000000 ) ) ;
#2056 = FACE_BOUND ( 'NONE', #2685, .T. ) ;
#2057 = ORIENTED_EDGE ( 'NONE', *, *, #1811, .T. ) ;
#2058 = ORIENTED_EDGE ( 'NONE', *, *, #1238, .F. ) ;
#2059 = CARTESIAN_POINT ( 'NONE',  ( 64.00000000000000000, 5.000000000000000000, -58.00000000000000000 ) ) ;
#2060 = ADVANCED_FACE ( 'NONE', ( #2384, #343 ), #2819, .T. ) ;
#2061 = DIRECTION ( 'NONE',  ( 0.000000000000000000, 1.000000000000000000, -0.000000000000000000 ) ) ;
#2062 = DIRECTION ( 'NONE',  ( 1.445602896647340396E-16, -0.000000000000000000, 1.000000000000000000 ) ) ;
#2063 = CARTESIAN_POINT ( 'NONE',  ( 40.50000000000000711, 5.000000000000000000, 0.000000000000000000 ) ) ;
#2064 = CARTESIAN_POINT ( 'NONE',  ( 39.75000000000000711, 0.000000000000000000, -8.150000000000003908 ) ) ;
#2065 = VERTEX_POINT ( 'NONE', #1023 ) ;
#2066 = LINE ( 'NONE', #66, #937 ) ;
#2067 = EDGE_LOOP ( 'NONE', ( #95, #2183, #571, #1867 ) ) ;
#2068 = LINE ( 'NONE', #68, #611 ) ;
#2069 = ORIENTED_EDGE ( 'NONE', *, *, #799, .T. ) ;
#2070 = VECTOR ( 'NONE', #296, 1000.000000000000000 ) ;
#2071 = LINE ( 'NONE', #2750, #1864 ) ;
#2072 = VECTOR ( 'NONE', #1415, 1000.000000000000000 ) ;
#2073 = EDGE_LOOP ( 'NONE', ( #2850, #1199 ) ) ;
#2074 = FACE_OUTER_BOUND ( 'NONE', #1288, .T. ) ;
#2075 = FACE_OUTER_BOUND ( 'NONE', #2683, .T. ) ;
#2076 = EDGE_CURVE ( 'NONE', #2533, #85, #1286, .T. ) ;
#2077 = DIRECTION ( 'NONE',  ( 0.000000000000000000, 0.000000000000000000, 1.000000000000000000 ) ) ;
#2078 = EDGE_CURVE ( 'NONE', #2381, #373, #2550, .T. ) ;
#2079 = FACE_BOUND ( 'NONE', #633, .T. ) ;
#2080 = VERTEX_POINT ( 'NONE', #993 ) ;
#2081 = AXIS2_PLACEMENT_3D ( 'NONE', #1502, #1265, #552 ) ;
#2082 = ORIENTED_EDGE ( 'NONE', *, *, #2153, .T. ) ;
#2083 = ORIENTED_EDGE ( 'NONE', *, *, #974, .T. ) ;
#2084 = DIRECTION ( 'NONE',  ( 1.000000000000000000, 0.000000000000000000, -5.687904037542768540E-16 ) ) ;
#2085 = ORIENTED_EDGE ( 'NONE', *, *, #1613, .T. ) ;
#2086 = DIRECTION ( 'NONE',  ( 0.000000000000000000, 0.000000000000000000, 1.000000000000000000 ) ) ;
#2087 = CARTESIAN_POINT ( 'NONE',  ( 59.99999999999999289, -11.00000000000000355, -32.27207793864219809 ) ) ;
#2088 = CARTESIAN_POINT ( 'NONE',  ( 0.000000000000000000, 5.000000000000000000, 0.000000000000000000 ) ) ;
#2089 = FACE_OUTER_BOUND ( 'NONE', #1093, .T. ) ;
#2090 = CARTESIAN_POINT ( 'NONE',  ( 58.49999999999999289, 8.000000000000000000, -30.00000000000000711 ) ) ;
#2091 = AXIS2_PLACEMENT_3D ( 'NONE', #1228, #2121, #117 ) ;
#2092 = ORIENTED_EDGE ( 'NONE', *, *, #2186, .F. ) ;
#2093 = ADVANCED_FACE ( 'NONE', ( #2599 ), #1038, .F. ) ;
#2094 = EDGE_CURVE ( 'NONE', #516, #1979, #777, .T. ) ;
#2095 = CIRCLE ( 'NONE', #1255, 1.250000000000001110 ) ;
#2096 = ORIENTED_EDGE ( 'NONE', *, *, #614, .T. ) ;
#2097 = CARTESIAN_POINT ( 'NONE',  ( 9.000000000000000000, -6.999999999999999112, -0.2072594216369773312 ) ) ;
#2098 = EDGE_CURVE ( 'NONE', #1979, #1104, #114, .T. ) ;
#2099 = CARTESIAN_POINT ( 'NONE',  ( 69.00000000000001421, -2.000000000000000444, 16.53589838486220032 ) ) ;
#2100 = ORIENTED_EDGE ( 'NONE', *, *, #1154, .F. ) ;
#2101 = DIRECTION ( 'NONE',  ( 6.424901762877063495E-17, 0.000000000000000000, 1.000000000000000000 ) ) ;
#2102 = VECTOR ( 'NONE', #307, 1000.000000000000000 ) ;
#2103 = PERSON_AND_ORGANIZATION_ROLE ( 'design_owner' ) ;
#2104 = DIRECTION ( 'NONE',  ( 1.000000000000000000, 0.000000000000000000, -5.687904037542768540E-16 ) ) ;
#2105 = CARTESIAN_POINT ( 'NONE',  ( 49.80000000000001847, 0.000000000000000000, -54.24999999999999289 ) ) ;
#2106 = DIRECTION ( 'NONE',  ( -0.000000000000000000, -1.000000000000000000, -0.000000000000000000 ) ) ;
#2107 = CARTESIAN_POINT ( 'NONE',  ( 60.00000000000000711, 0.000000000000000000, -3.444268823326317668E-14 ) ) ;
#2108 = PLANE ( 'NONE',  #1079 ) ;
#2109 = VERTEX_POINT ( 'NONE', #2779 ) ;
#2110 = CARTESIAN_POINT ( 'NONE',  ( 0.000000000000000000, 8.000000000000000000, 0.000000000000000000 ) ) ;
#2111 = VERTEX_POINT ( 'NONE', #1678 ) ;
#2112 = EDGE_CURVE ( 'NONE', #932, #241, #2561, .T. ) ;
#2113 = PERSON_AND_ORGANIZATION ( #575, #2301 ) ;
#2114 = VECTOR ( 'NONE', #1898, 1000.000000000000000 ) ;
#2115 = ORIENTED_EDGE ( 'NONE', *, *, #667, .F. ) ;
#2116 = EDGE_CURVE ( 'NONE', #1177, #2502, #2581, .T. ) ;
#2117 = DIRECTION ( 'NONE',  ( -0.000000000000000000, -1.000000000000000000, -0.000000000000000000 ) ) ;
#2118 = VECTOR ( 'NONE', #2757, 1000.000000000000000 ) ;
#2119 = VECTOR ( 'NONE', #2411, 1000.000000000000000 ) ;
#2120 = CARTESIAN_POINT ( 'NONE',  ( 9.000000000000007105, -2.000000000000000444, 16.53589838486223584 ) ) ;
#2121 = DIRECTION ( 'NONE',  ( 1.000000000000000000, 0.000000000000000000, -5.687904037542768540E-16 ) ) ;
#2122 = DIRECTION ( 'NONE',  ( -0.000000000000000000, -1.000000000000000000, 0.000000000000000000 ) ) ;
#2123 = CARTESIAN_POINT ( 'NONE',  ( 0.000000000000000000, 5.000000000000000000, 0.000000000000000000 ) ) ;
#2124 = CARTESIAN_POINT ( 'NONE',  ( 49.80000000000002558, 5.000000000000000000, -35.50000000000000000 ) ) ;
#2125 = VERTEX_POINT ( 'NONE', #1391 ) ;
#2126 = DIRECTION ( 'NONE',  ( 0.000000000000000000, 0.000000000000000000, 1.000000000000000000 ) ) ;
#2127 = ORIENTED_EDGE ( 'NONE', *, *, #2094, .T. ) ;
#2128 = CARTESIAN_POINT ( 'NONE',  ( 28.50000000000001066, 13.00000000000000178, 0.000000000000000000 ) ) ;
#2129 = EDGE_CURVE ( 'NONE', #1634, #1816, #1361, .T. ) ;
#2130 = ADVANCED_FACE ( 'NONE', ( #1992, #698, #468, #2717, #2056, #1164 ), #1349, .F. ) ;
#2131 = EDGE_LOOP ( 'NONE', ( #2199, #196, #2730, #2216 ) ) ;
#2132 = CIRCLE ( 'NONE', #2865, 3.999999999999996447 ) ;
#2133 = DIRECTION ( 'NONE',  ( 6.424901762877063495E-17, 0.000000000000000000, 1.000000000000000000 ) ) ;
#2134 = ADVANCED_FACE ( 'NONE', ( #2457 ), #2240, .T. ) ;
#2135 = ADVANCED_FACE ( 'NONE', ( #211 ), #666, .F. ) ;
#2136 = ORIENTED_EDGE ( 'NONE', *, *, #1912, .F. ) ;
#2137 = DIRECTION ( 'NONE',  ( 1.000000000000000000, 0.000000000000000000, -1.174552353525963794E-16 ) ) ;
#2138 = LINE ( 'NONE', #770, #2716 ) ;
#2139 = VECTOR ( 'NONE', #2258, 1000.000000000000000 ) ;
#2140 = DIRECTION ( 'NONE',  ( 0.000000000000000000, 1.000000000000000000, -0.000000000000000000 ) ) ;
#2141 = VERTEX_POINT ( 'NONE', #1136 ) ;
#2142 = CIRCLE ( 'NONE', #1345, 3.999999999999996447 ) ;
#2143 = VERTEX_POINT ( 'NONE', #1614 ) ;
#2144 = VECTOR ( 'NONE', #2696, 1000.000000000000000 ) ;
#2145 = CARTESIAN_POINT ( 'NONE',  ( 66.00000000000001421, 13.00000000000000178, 0.000000000000000000 ) ) ;
#2146 = VECTOR ( 'NONE', #1035, 1000.000000000000000 ) ;
#2147 = ORIENTED_EDGE ( 'NONE', *, *, #546, .F. ) ;
#2148 = DIRECTION ( 'NONE',  ( -3.271025955591204078E-16, -0.7071067811865462405, -0.7071067811865489050 ) ) ;
#2149 = AXIS2_PLACEMENT_3D ( 'NONE', #742, #1628, #38 ) ;
#2150 = VERTEX_POINT ( 'NONE', #887 ) ;
#2151 = CARTESIAN_POINT ( 'NONE',  ( 10.50000000000002132, 13.00000000000000178, -30.00000000000000000 ) ) ;
#2152 = CARTESIAN_POINT ( 'NONE',  ( 49.75000000000000000, 0.000000000000000000, -6.750000000000006217 ) ) ;
#2153 = EDGE_CURVE ( 'NONE', #1701, #2223, #1058, .T. ) ;
#2154 = DIRECTION ( 'NONE',  ( -1.387778780781445182E-16, 0.000000000000000000, -1.000000000000000000 ) ) ;
#2155 = CARTESIAN_POINT ( 'NONE',  ( 49.75000000000000000, 5.000000000000000000, -8.150000000000007461 ) ) ;
#2156 = CARTESIAN_POINT ( 'NONE',  ( 39.75000000000000711, 5.000000000000000000, -27.65000000000000568 ) ) ;
#2157 = ORIENTED_EDGE ( 'NONE', *, *, #59, .F. ) ;
#2158 = EDGE_CURVE ( 'NONE', #786, #1284, #2225, .T. ) ;
#2159 = VECTOR ( 'NONE', #21, 1000.000000000000000 ) ;
#2160 = EDGE_LOOP ( 'NONE', ( #616, #2004, #1005, #2854, #545, #2438, #71, #2212 ) ) ;
#2161 = PLANE ( 'NONE',  #1541 ) ;
#2162 = ORIENTED_EDGE ( 'NONE', *, *, #2763, .F. ) ;
#2163 = DIRECTION ( 'NONE',  ( 0.000000000000000000, 0.7071067811865489050, -0.7071067811865462405 ) ) ;
#2164 = CIRCLE ( 'NONE', #765, 1.399999999999998579 ) ;
#2165 = VERTEX_POINT ( 'NONE', #239 ) ;
#2166 = DIRECTION ( 'NONE',  ( -0.000000000000000000, -1.000000000000000000, -0.000000000000000000 ) ) ;
#2167 = CIRCLE ( 'NONE', #1599, 3.999999999999998224 ) ;
#2168 = VECTOR ( 'NONE', #1442, 1000.000000000000000 ) ;
#2169 = EDGE_CURVE ( 'NONE', #2608, #2194, #2483, .T. ) ;
#2170 = EDGE_CURVE ( 'NONE', #1852, #2329, #438, .T. ) ;
#2171 = CARTESIAN_POINT ( 'NONE',  ( 64.99999999999994316, 0.000000000000000000, -60.00000000000000000 ) ) ;
#2172 = ORIENTED_EDGE ( 'NONE', *, *, #269, .T. ) ;
#2173 = CIRCLE ( 'NONE', #162, 4.000000000000000000 ) ;
#2174 = ORIENTED_EDGE ( 'NONE', *, *, #1540, .T. ) ;
#2175 = DIRECTION ( 'NONE',  ( -1.000000000000000000, 0.000000000000000000, 1.445602896647340396E-16 ) ) ;
#2176 = CARTESIAN_POINT ( 'NONE',  ( 0.000000000000000000, 5.000000000000000000, 0.000000000000000000 ) ) ;
#2177 = COORDINATED_UNIVERSAL_TIME_OFFSET ( 8, 0, .AHEAD. ) ;
#2178 = VECTOR ( 'NONE', #1943, 1000.000000000000000 ) ;
#2179 = ORIENTED_EDGE ( 'NONE', *, *, #2394, .T. ) ;
#2180 = DIRECTION ( 'NONE',  ( 1.000000000000000000, 0.000000000000000000, 0.000000000000000000 ) ) ;
#2181 = ORIENTED_EDGE ( 'NONE', *, *, #542, .T. ) ;
#2182 = DIRECTION ( 'NONE',  ( -0.000000000000000000, -1.000000000000000000, -0.000000000000000000 ) ) ;
#2183 = ORIENTED_EDGE ( 'NONE', *, *, #2655, .F. ) ;
#2184 = ORIENTED_EDGE ( 'NONE', *, *, #1734, .F. ) ;
#2185 = CYLINDRICAL_SURFACE ( 'NONE', #1312, 3.999999999999996447 ) ;
#2186 = EDGE_CURVE ( 'NONE', #2366, #840, #73, .T. ) ;
#2187 = DIRECTION ( 'NONE',  ( 0.000000000000000000, 1.000000000000000000, -0.000000000000000000 ) ) ;
#2188 = APPROVAL_DATE_TIME ( #2012, #1950 ) ;
#2189 = ORIENTED_EDGE ( 'NONE', *, *, #1516, .T. ) ;
#2190 = ORIENTED_EDGE ( 'NONE', *, *, #1435, .T. ) ;
#2191 = LINE ( 'NONE', #2244, #1110 ) ;
#2192 = FACE_OUTER_BOUND ( 'NONE', #1165, .T. ) ;
#2193 = DIRECTION ( 'NONE',  ( 4.625929269271487886E-16, 0.000000000000000000, 1.000000000000000000 ) ) ;
#2194 = VERTEX_POINT ( 'NONE', #1584 ) ;
#2195 = VECTOR ( 'NONE', #957, 1000.000000000000000 ) ;
#2196 = VERTEX_POINT ( 'NONE', #1121 ) ;
#2197 = LINE ( 'NONE', #1134, #1266 ) ;
#2198 = ADVANCED_FACE ( 'NONE', ( #9 ), #902, .F. ) ;
#2199 = ORIENTED_EDGE ( 'NONE', *, *, #2554, .F. ) ;
#2200 = CARTESIAN_POINT ( 'NONE',  ( -4.013242104090875007E-15, -41.66756419343499118, -8.675581557072762351 ) ) ;
#2201 = ORIENTED_EDGE ( 'NONE', *, *, #2660, .T. ) ;
#2202 = LINE ( 'NONE', #1571, #1900 ) ;
#2203 = DIRECTION ( 'NONE',  ( 2.312964634635746408E-16, 0.8660254037844381525, 0.5000000000000008882 ) ) ;
#2204 = CARTESIAN_POINT ( 'NONE',  ( 50.65000000000000568, 8.000000000000000000, 0.000000000000000000 ) ) ;
#2205 = AXIS2_PLACEMENT_3D ( 'NONE', #1299, #2035, #1593 ) ;
#2206 = ORIENTED_EDGE ( 'NONE', *, *, #2445, .F. ) ;
#2207 = VECTOR ( 'NONE', #1710, 999.9999999999998863 ) ;
#2208 = VECTOR ( 'NONE', #479, 1000.000000000000114 ) ;
#2209 = ORIENTED_EDGE ( 'NONE', *, *, #1733, .T. ) ;
#2210 = DIRECTION ( 'NONE',  ( 0.000000000000000000, 1.352513093951258776E-16, 1.000000000000000000 ) ) ;
#2211 = DIRECTION ( 'NONE',  ( 1.000000000000000000, 0.000000000000000000, -5.337610695313257301E-16 ) ) ;
#2212 = ORIENTED_EDGE ( 'NONE', *, *, #1733, .F. ) ;
#2213 = DIRECTION ( 'NONE',  ( -0.000000000000000000, -1.000000000000000000, -0.000000000000000000 ) ) ;
#2214 = EDGE_CURVE ( 'NONE', #1177, #773, #686, .T. ) ;
#2215 = VECTOR ( 'NONE', #2633, 1000.000000000000000 ) ;
#2216 = ORIENTED_EDGE ( 'NONE', *, *, #1646, .T. ) ;
#2217 = CARTESIAN_POINT ( 'NONE',  ( 49.80000000000002558, 5.000000000000000000, -37.75000000000000000 ) ) ;
#2218 = ADVANCED_FACE ( 'NONE', ( #2471 ), #1149, .F. ) ;
#2219 = EDGE_CURVE ( 'NONE', #174, #1313, #2398, .T. ) ;
#2220 = CARTESIAN_POINT ( 'NONE',  ( 64.99999999999997158, 5.000000000000000000, 0.000000000000000000 ) ) ;
#2221 = LINE ( 'NONE', #2063, #2229 ) ;
#2222 = ORIENTED_EDGE ( 'NONE', *, *, #1609, .F. ) ;
#2223 = VERTEX_POINT ( 'NONE', #2545 ) ;
#2224 = CARTESIAN_POINT ( 'NONE',  ( 59.99999999999999289, -11.00000000000000355, -36.27207793864219099 ) ) ;
#2225 = LINE ( 'NONE', #2254, #2260 ) ;
#2226 = PERSON_AND_ORGANIZATION ( #575, #2301 ) ;
#2227 = ORIENTED_EDGE ( 'NONE', *, *, #380, .F. ) ;
#2228 = CYLINDRICAL_SURFACE ( 'NONE', #1021, 3.999999999999996447 ) ;
#2229 = VECTOR ( 'NONE', #1329, 1000.000000000000000 ) ;
#2230 = ORIENTED_EDGE ( 'NONE', *, *, #760, .T. ) ;
#2231 = DIRECTION ( 'NONE',  ( -1.000000000000000000, 0.000000000000000000, 4.625929269271485914E-16 ) ) ;
#2232 = DIRECTION ( 'NONE',  ( -1.000000000000000000, -9.860761315262647568E-32, 4.625929269271486900E-16 ) ) ;
#2233 = VECTOR ( 'NONE', #100, 1000.000000000000000 ) ;
#2234 = CARTESIAN_POINT ( 'NONE',  ( 26.00000000000002132, 8.000000000000000000, -58.00000000000000000 ) ) ;
#2235 = EDGE_CURVE ( 'NONE', #2196, #1472, #1448, .T. ) ;
#2236 = CARTESIAN_POINT ( 'NONE',  ( -1.850371707708606987E-15, 0.000000000000000000, -4.000000000000026645 ) ) ;
#2237 = EDGE_LOOP ( 'NONE', ( #871, #448, #487, #326 ) ) ;
#2238 = ORIENTED_EDGE ( 'NONE', *, *, #1113, .F. ) ;
#2239 = DIRECTION ( 'NONE',  ( -1.000000000000000000, 0.000000000000000000, 1.445602896647340396E-16 ) ) ;
#2240 = CYLINDRICAL_SURFACE ( 'NONE', #685, 3.999999999999996447 ) ;
#2241 = ORIENTED_EDGE ( 'NONE', *, *, #2078, .F. ) ;
#2242 = DIRECTION ( 'NONE',  ( 0.000000000000000000, 0.000000000000000000, -1.000000000000000000 ) ) ;
#2243 = EDGE_LOOP ( 'NONE', ( #2472, #361, #166, #1998 ) ) ;
#2244 = CARTESIAN_POINT ( 'NONE',  ( 68.99999999999997158, 5.000000000000000000, -55.99999999999997158 ) ) ;
#2245 = DIRECTION ( 'NONE',  ( 3.271025955591194217E-16, -0.7071067811865487940, 0.7071067811865463515 ) ) ;
#2246 = CARTESIAN_POINT ( 'NONE',  ( 49.80000000000001847, 8.000000000000000000, -54.24999999999999289 ) ) ;
#2247 = DIRECTION ( 'NONE',  ( 0.000000000000000000, 1.000000000000000000, -0.000000000000000000 ) ) ;
#2248 = VERTEX_POINT ( 'NONE', #771 ) ;
#2249 = ADVANCED_FACE ( 'NONE', ( #1917 ), #544, .T. ) ;
#2250 = EDGE_CURVE ( 'NONE', #1960, #1555, #530, .T. ) ;
#2251 = VERTEX_POINT ( 'NONE', #1001 ) ;
#2252 = CARTESIAN_POINT ( 'NONE',  ( 50.65000000000020464, 8.000000000000000000, -3.514549762329027834E-13 ) ) ;
#2253 = EDGE_CURVE ( 'NONE', #496, #2790, #514, .T. ) ;
#2254 = CARTESIAN_POINT ( 'NONE',  ( 69.00000000000000000, -6.999999999999999112, -3.829977869327923044E-14 ) ) ;
#2255 = VERTEX_POINT ( 'NONE', #1873 ) ;
#2256 = LINE ( 'NONE', #455, #1387 ) ;
#2257 = EDGE_LOOP ( 'NONE', ( #1063, #108, #1570, #2566 ) ) ;
#2258 = DIRECTION ( 'NONE',  ( -0.000000000000000000, -1.000000000000000000, -0.000000000000000000 ) ) ;
#2259 = DIRECTION ( 'NONE',  ( 1.000000000000000000, -0.000000000000000000, 0.000000000000000000 ) ) ;
#2260 = VECTOR ( 'NONE', #254, 1000.000000000000000 ) ;
#2261 = DIRECTION ( 'NONE',  ( 0.000000000000000000, 0.000000000000000000, -1.000000000000000000 ) ) ;
#2262 = CARTESIAN_POINT ( 'NONE',  ( 10.50000000000000711, 13.00000000000000178, -28.00000000000000000 ) ) ;
#2263 = EDGE_LOOP ( 'NONE', ( #859, #2179, #1908, #2428, #1453, #2598 ) ) ;
#2264 = AXIS2_PLACEMENT_3D ( 'NONE', #656, #1777, #2016 ) ;
#2265 = ORIENTED_EDGE ( 'NONE', *, *, #2520, .F. ) ;
#2266 = DIRECTION ( 'NONE',  ( 1.000000000000000000, 0.000000000000000000, 0.000000000000000000 ) ) ;
#2267 = DIRECTION ( 'NONE',  ( 0.000000000000000000, 0.000000000000000000, 1.000000000000000000 ) ) ;
#2268 = ORIENTED_EDGE ( 'NONE', *, *, #2405, .F. ) ;
#2269 = EDGE_CURVE ( 'NONE', #612, #1498, #1888, .T. ) ;
#2270 = VECTOR ( 'NONE', #1748, 1000.000000000000000 ) ;
#2271 = ORIENTED_EDGE ( 'NONE', *, *, #2675, .T. ) ;
#2272 = EDGE_CURVE ( 'NONE', #1957, #1565, #2416, .T. ) ;
#2273 = LINE ( 'NONE', #2505, #2364 ) ;
#2274 = AXIS2_PLACEMENT_3D ( 'NONE', #1365, #2473, #1152 ) ;
#2275 = AXIS2_PLACEMENT_3D ( 'NONE', #49, #247, #2650 ) ;
#2276 = UNCERTAINTY_MEASURE_WITH_UNIT (LENGTH_MEASURE( 1.000000000000000082E-05 ), #1620, 'distance_accuracy_value', 'NONE');
#2277 = DIRECTION ( 'NONE',  ( 0.000000000000000000, 0.000000000000000000, -1.000000000000000000 ) ) ;
#2278 = CYLINDRICAL_SURFACE ( 'NONE', #794, 2.000000000000000000 ) ;
#2279 = DIRECTION ( 'NONE',  ( 4.625929269271487886E-16, 0.000000000000000000, 1.000000000000000000 ) ) ;
#2280 = ORIENTED_EDGE ( 'NONE', *, *, #26, .F. ) ;
#2281 = ORIENTED_EDGE ( 'NONE', *, *, #2098, .F. ) ;
#2282 = FACE_OUTER_BOUND ( 'NONE', #206, .T. ) ;
#2283 = CIRCLE ( 'NONE', #2149, 2.000000000000001776 ) ;
#2284 = EDGE_LOOP ( 'NONE', ( #1153, #548, #1296, #2518 ) ) ;
#2285 = DIRECTION ( 'NONE',  ( 0.000000000000000000, 0.000000000000000000, 1.000000000000000000 ) ) ;
#2286 = EDGE_CURVE ( 'NONE', #2299, #585, #2591, .T. ) ;
#2287 = ORIENTED_EDGE ( 'NONE', *, *, #1935, .F. ) ;
#2288 = CARTESIAN_POINT ( 'NONE',  ( 9.000000000000003553, -4.660254037844394404, 8.071796769724475240 ) ) ;
#2289 = VECTOR ( 'NONE', #7, 1000.000000000000000 ) ;
#2290 = CARTESIAN_POINT ( 'NONE',  ( 69.00000000000000000, -11.00000000000000000, -0.2072594216369553488 ) ) ;
#2291 = CARTESIAN_POINT ( 'NONE',  ( -9.587674248828244427E-17, -6.999999999999999112, -0.2072594216369731679 ) ) ;
#2292 = ORIENTED_EDGE ( 'NONE', *, *, #198, .F. ) ;
#2293 = CARTESIAN_POINT ( 'NONE',  ( 60.00000000000000711, -31.32828037204367888, -11.94379756659858849 ) ) ;
#2294 = VERTEX_POINT ( 'NONE', #204 ) ;
#2295 = AXIS2_PLACEMENT_3D ( 'NONE', #2798, #2565, #619 ) ;
#2296 = CARTESIAN_POINT ( 'NONE',  ( 50.65000000000000568, 8.000000000000000000, -3.000000000000004441 ) ) ;
#2297 = ORIENTED_EDGE ( 'NONE', *, *, #2638, .T. ) ;
#2298 = CARTESIAN_POINT ( 'NONE',  ( 49.80000000000002558, 8.000000000000000000, -36.75000000000000000 ) ) ;
#2299 = VERTEX_POINT ( 'NONE', #2811 ) ;
#2300 = VECTOR ( 'NONE', #1085, 1000.000000000000000 ) ;
#2301 = ORGANIZATION ( 'æœª', 'æœª', '' ) ;
#2302 = VERTEX_POINT ( 'NONE', #826 ) ;
#2303 = CARTESIAN_POINT ( 'NONE',  ( 12.40000000000000746, 5.000000000000000000, -17.90000000000000213 ) ) ;
#2304 = ADVANCED_FACE ( 'NONE', ( #2860 ), #603, .T. ) ;
#2305 = VECTOR ( 'NONE', #1416, 1000.000000000000000 ) ;
#2306 = DIRECTION ( 'NONE',  ( 0.000000000000000000, 0.000000000000000000, 1.000000000000000000 ) ) ;
#2307 = DIRECTION ( 'NONE',  ( 0.000000000000000000, 1.000000000000000000, -0.000000000000000000 ) ) ;
#2308 = CARTESIAN_POINT ( 'NONE',  ( 49.80000000000001847, 8.000000000000000000, -55.50000000000000000 ) ) ;
#2309 = EDGE_CURVE ( 'NONE', #2366, #2533, #163, .T. ) ;
#2310 = DIRECTION ( 'NONE',  ( 0.000000000000000000, -0.000000000000000000, 1.000000000000000000 ) ) ;
#2311 = VECTOR ( 'NONE', #1376, 1000.000000000000000 ) ;
#2312 = DIRECTION ( 'NONE',  ( -1.000000000000000000, 0.000000000000000000, 1.734723475976812764E-16 ) ) ;
#2313 = DIRECTION ( 'NONE',  ( 1.000000000000000000, 0.000000000000000000, -3.469446951953616161E-16 ) ) ;
#2314 = ORIENTED_EDGE ( 'NONE', *, *, #2372, .F. ) ;
#2315 = EDGE_CURVE ( 'NONE', #251, #2488, #1316, .T. ) ;
#2316 = ORIENTED_EDGE ( 'NONE', *, *, #1916, .T. ) ;
#2317 = CARTESIAN_POINT ( 'NONE',  ( 9.000000000000007105, -3.000000000000026201, 18.26794919243110016 ) ) ;
#2318 = ORIENTED_EDGE ( 'NONE', *, *, #1488, .T. ) ;
#2319 = CYLINDRICAL_SURFACE ( 'NONE', #121, 3.999999999999991562 ) ;
#2320 = DIRECTION ( 'NONE',  ( 0.000000000000000000, 0.000000000000000000, 1.000000000000000000 ) ) ;
#2321 = LINE ( 'NONE', #2708, #1447 ) ;
#2322 = DIRECTION ( 'NONE',  ( 0.000000000000000000, 0.000000000000000000, 1.000000000000000000 ) ) ;
#2323 = FACE_OUTER_BOUND ( 'NONE', #522, .T. ) ;
#2324 = CARTESIAN_POINT ( 'NONE',  ( 65.00000000000000000, 5.000000000000000000, -3.999999999999999112 ) ) ;
#2325 = ADVANCED_FACE ( 'NONE', ( #1697 ), #1517, .T. ) ;
#2326 = ORIENTED_EDGE ( 'NONE', *, *, #2660, .F. ) ;
#2327 = ORIENTED_EDGE ( 'NONE', *, *, #709, .T. ) ;
#2328 = DIRECTION ( 'NONE',  ( 4.625929269271484928E-16, -1.734723475976807094E-15, 1.000000000000000000 ) ) ;
#2329 = VERTEX_POINT ( 'NONE', #1298 ) ;
#2330 = CARTESIAN_POINT ( 'NONE',  ( 64.00000000000000000, 13.00000000000000178, -58.00000000000000000 ) ) ;
#2331 = VECTOR ( 'NONE', #971, 1000.000000000000000 ) ;
#2332 = CYLINDRICAL_SURFACE ( 'NONE', #2440, 4.000000000000000000 ) ;
#2333 = FACE_OUTER_BOUND ( 'NONE', #563, .T. ) ;
#2334 = CARTESIAN_POINT ( 'NONE',  ( 49.80000000000001847, 8.000000000000000000, -55.50000000000000000 ) ) ;
#2335 = FACE_OUTER_BOUND ( 'NONE', #2067, .T. ) ;
#2336 = CARTESIAN_POINT ( 'NONE',  ( 60.50000000000001421, 13.00000000000000178, -1.825230787766902859E-14 ) ) ;
#2337 = LINE ( 'NONE', #1234, #2195 ) ;
#2338 = VERTEX_POINT ( 'NONE', #1072 ) ;
#2339 = EDGE_CURVE ( 'NONE', #1558, #873, #1257, .T. ) ;
#2340 = EDGE_CURVE ( 'NONE', #2141, #208, #1287, .T. ) ;
#2341 = DIRECTION ( 'NONE',  ( 0.000000000000000000, 0.000000000000000000, 1.000000000000000000 ) ) ;
#2342 = ORIENTED_EDGE ( 'NONE', *, *, #542, .F. ) ;
#2343 = FACE_OUTER_BOUND ( 'NONE', #2038, .T. ) ;
#2344 = AXIS2_PLACEMENT_3D ( 'NONE', #1343, #878, #678 ) ;
#2345 = ORIENTED_EDGE ( 'NONE', *, *, #1324, .F. ) ;
#2346 = PLANE ( 'NONE',  #537 ) ;
#2347 = CIRCLE ( 'NONE', #2618, 4.000000000000001776 ) ;
#2348 = ORIENTED_EDGE ( 'NONE', *, *, #2637, .F. ) ;
#2349 = LINE ( 'NONE', #375, #639 ) ;
#2350 = DIRECTION ( 'NONE',  ( -0.000000000000000000, -1.000000000000000000, 0.000000000000000000 ) ) ;
#2351 = LINE ( 'NONE', #2836, #2469 ) ;
#2352 = ORIENTED_EDGE ( 'NONE', *, *, #506, .F. ) ;
#2353 = VECTOR ( 'NONE', #1507, 1000.000000000000000 ) ;
#2354 = ORIENTED_EDGE ( 'NONE', *, *, #183, .T. ) ;
#2355 = DIRECTION ( 'NONE',  ( -0.000000000000000000, -1.000000000000000000, -0.000000000000000000 ) ) ;
#2356 = PERSON_AND_ORGANIZATION ( #575, #2301 ) ;
#2357 = EDGE_CURVE ( 'NONE', #716, #1318, #2619, .T. ) ;
#2358 = ORIENTED_EDGE ( 'NONE', *, *, #974, .F. ) ;
#2359 = CIRCLE ( 'NONE', #2636, 2.250000000000001776 ) ;
#2360 = ADVANCED_FACE ( 'NONE', ( #2192 ), #643, .T. ) ;
#2361 = VERTEX_POINT ( 'NONE', #1383 ) ;
#2362 = CYLINDRICAL_SURFACE ( 'NONE', #1739, 2.250000000000001776 ) ;
#2363 = CARTESIAN_POINT ( 'NONE',  ( 39.75000000000000711, 0.000000000000000000, -26.25000000000000355 ) ) ;
#2364 = VECTOR ( 'NONE', #536, 999.9999999999998863 ) ;
#2365 = ORIENTED_EDGE ( 'NONE', *, *, #2219, .T. ) ;
#2366 = VERTEX_POINT ( 'NONE', #1342 ) ;
#2367 = VECTOR ( 'NONE', #1815, 1000.000000000000000 ) ;
#2368 = FACE_OUTER_BOUND ( 'NONE', #2284, .T. ) ;
#2369 = VECTOR ( 'NONE', #70, 999.9999999999998863 ) ;
#2370 = ORIENTED_EDGE ( 'NONE', *, *, #2638, .F. ) ;
#2371 = CARTESIAN_POINT ( 'NONE',  ( 0.000000000000000000, 5.000000000000000000, 0.000000000000000000 ) ) ;
#2372 = EDGE_CURVE ( 'NONE', #2194, #1948, #34, .T. ) ;
#2373 = EDGE_CURVE ( 'NONE', #1701, #2504, #2434, .T. ) ;
#2374 = FACE_OUTER_BOUND ( 'NONE', #1222, .T. ) ;
#2375 = CIRCLE ( 'NONE', #1125, 4.000000000000000000 ) ;
#2376 = VERTEX_POINT ( 'NONE', #2493 ) ;
#2377 = CARTESIAN_POINT ( 'NONE',  ( 59.99999999999999289, -13.82842712474626090, -35.10050506338831866 ) ) ;
#2378 = FACE_OUTER_BOUND ( 'NONE', #2263, .T. ) ;
#2379 = CARTESIAN_POINT ( 'NONE',  ( 8.500000000000007105, 13.00000000000000178, 0.000000000000000000 ) ) ;
#2380 = VERTEX_POINT ( 'NONE', #2665 ) ;
#2381 = VERTEX_POINT ( 'NONE', #2234 ) ;
#2382 = CARTESIAN_POINT ( 'NONE',  ( 8.999999999999998224, -43.66756419343498408, -5.211479941935006188 ) ) ;
#2383 = VERTEX_POINT ( 'NONE', #2246 ) ;
#2384 = FACE_BOUND ( 'NONE', #1822, .T. ) ;
#2385 = AXIS2_PLACEMENT_3D ( 'NONE', #1300, #1478, #2193 ) ;
#2386 = ORIENTED_EDGE ( 'NONE', *, *, #2784, .T. ) ;
#2387 = CARTESIAN_POINT ( 'NONE',  ( 55.64999999999999147, 5.000000000000000000, -28.00000000000000711 ) ) ;
#2388 = LOCAL_TIME ( 12, 19, 48.00000000000000000, #2177 ) ;
#2389 = DIRECTION ( 'NONE',  ( 1.000000000000000000, 0.000000000000000000, -1.387778780781445182E-16 ) ) ;
#2390 = ADVANCED_FACE ( 'NONE', ( #1779 ), #910, .F. ) ;
#2391 = EDGE_LOOP ( 'NONE', ( #1335, #265, #1625, #277, #2461, #1741, #2513, #67, #13, #1268, #379 ) ) ;
#2392 = DIRECTION ( 'NONE',  ( -3.469446951953616654E-16, 0.000000000000000000, -1.000000000000000000 ) ) ;
#2393 = AXIS2_PLACEMENT_3D ( 'NONE', #641, #2032, #1355 ) ;
#2394 = EDGE_CURVE ( 'NONE', #208, #1647, #2452, .T. ) ;
#2395 = EDGE_LOOP ( 'NONE', ( #1018, #762, #1373, #1631 ) ) ;
#2396 = CARTESIAN_POINT ( 'NONE',  ( 49.80000000000001847, 8.000000000000000000, -55.50000000000000000 ) ) ;
#2397 = CARTESIAN_POINT ( 'NONE',  ( 60.00000000000000711, -6.999999999999999112, -0.2072594216370071685 ) ) ;
#2398 = CIRCLE ( 'NONE', #2772, 3.999999999999996447 ) ;
#2399 = VERTEX_POINT ( 'NONE', #1356 ) ;
#2400 = ORIENTED_EDGE ( 'NONE', *, *, #2816, .F. ) ;
#2401 = CARTESIAN_POINT ( 'NONE',  ( 12.40000000000000746, 0.000000000000000000, -15.10000000000000497 ) ) ;
#2402 = CARTESIAN_POINT ( 'NONE',  ( 26.00000000000002132, 8.000000000000000000, -3.608224830031760334E-15 ) ) ;
#2403 = FACE_OUTER_BOUND ( 'NONE', #2844, .T. ) ;
#2404 = ORIENTED_EDGE ( 'NONE', *, *, #1154, .T. ) ;
#2405 = EDGE_CURVE ( 'NONE', #699, #1293, #233, .T. ) ;
#2406 = VECTOR ( 'NONE', #289, 999.9999999999998863 ) ;
#2407 = ORIENTED_EDGE ( 'NONE', *, *, #1189, .F. ) ;
#2408 = LINE ( 'NONE', #1991, #1688 ) ;
#2409 = VECTOR ( 'NONE', #227, 1000.000000000000000 ) ;
#2410 = AXIS2_PLACEMENT_3D ( 'NONE', #996, #2553, #2755 ) ;
#2411 = DIRECTION ( 'NONE',  ( 0.000000000000000000, 0.000000000000000000, -1.000000000000000000 ) ) ;
#2412 = ORIENTED_EDGE ( 'NONE', *, *, #2339, .T. ) ;
#2413 = EDGE_LOOP ( 'NONE', ( #2345, #2297, #2746, #606, #2773, #2400, #532, #1657 ) ) ;
#2414 = CARTESIAN_POINT ( 'NONE',  ( 60.00000000000000711, -13.00000000000000711, 3.256842193500800064 ) ) ;
#2415 = CARTESIAN_POINT ( 'NONE',  ( 50.64999999999999858, 8.000000000000000000, -30.00000000000000711 ) ) ;
#2416 = LINE ( 'NONE', #618, #731 ) ;
#2417 = CARTESIAN_POINT ( 'NONE',  ( 60.00000000000000711, 0.000000000000000000, 2.602088272172289392E-15 ) ) ;
#2418 = ORIENTED_EDGE ( 'NONE', *, *, #2866, .T. ) ;
#2419 = CARTESIAN_POINT ( 'NONE',  ( 69.00000000000001421, 8.673617379884037444E-16, 16.53589838486217189 ) ) ;
#2420 = APPLICATION_CONTEXT ( 'configuration controlled 3d designs of mechanical parts and assemblies' ) ;
#2421 = ADVANCED_FACE ( 'NONE', ( #1591 ), #2278, .F. ) ;
#2422 = ORIENTED_EDGE ( 'NONE', *, *, #411, .F. ) ;
#2423 = EDGE_CURVE ( 'NONE', #1331, #1634, #43, .T. ) ;
#2424 = DIRECTION ( 'NONE',  ( 1.000000000000000000, -0.000000000000000000, 0.000000000000000000 ) ) ;
#2425 = VECTOR ( 'NONE', #2424, 1000.000000000000000 ) ;
#2426 = LINE ( 'NONE', #1705, #837 ) ;
#2427 = EDGE_CURVE ( 'NONE', #1982, #1847, #132, .T. ) ;
#2428 = ORIENTED_EDGE ( 'NONE', *, *, #2041, .T. ) ;
#2429 = ADVANCED_FACE ( 'NONE', ( #2477 ), #2, .F. ) ;
#2430 = DIRECTION ( 'NONE',  ( 0.000000000000000000, 0.000000000000000000, 1.000000000000000000 ) ) ;
#2431 = EDGE_LOOP ( 'NONE', ( #2653, #450, #1346, #1181 ) ) ;
#2432 = FACE_OUTER_BOUND ( 'NONE', #1903, .T. ) ;
#2433 = DIRECTION ( 'NONE',  ( -0.000000000000000000, -1.000000000000000000, -0.000000000000000000 ) ) ;
#2434 = LINE ( 'NONE', #1129, #646 ) ;
#2435 = VECTOR ( 'NONE', #1532, 1000.000000000000000 ) ;
#2436 = VERTEX_POINT ( 'NONE', #2695 ) ;
#2437 = CC_DESIGN_APPROVAL ( #1429, ( #1836 ) ) ;
#2438 = ORIENTED_EDGE ( 'NONE', *, *, #709, .F. ) ;
#2439 = CARTESIAN_POINT ( 'NONE',  ( 60.50000000000001421, 8.000000000000000000, -5.000000000000005329 ) ) ;
#2440 = AXIS2_PLACEMENT_3D ( 'NONE', #492, #61, #1854 ) ;
#2441 = CARTESIAN_POINT ( 'NONE',  ( 0.000000000000000000, 0.000000000000000000, 0.000000000000000000 ) ) ;
#2442 = PERSON_AND_ORGANIZATION_ROLE ( 'classification_officer' ) ;
#2443 = ORIENTED_EDGE ( 'NONE', *, *, #730, .T. ) ;
#2444 = CARTESIAN_POINT ( 'NONE',  ( 23.00000000000001776, 13.00000000000000178, -35.00000000000000000 ) ) ;
#2445 = EDGE_CURVE ( 'NONE', #2458, #2080, #658, .T. ) ;
#2446 = AXIS2_PLACEMENT_3D ( 'NONE', #2501, #1803, #1772 ) ;
#2447 = EDGE_CURVE ( 'NONE', #699, #966, #2681, .T. ) ;
#2448 = ORIENTED_EDGE ( 'NONE', *, *, #461, .T. ) ;
#2449 = ADVANCED_FACE ( 'NONE', ( #447 ), #1370, .F. ) ;
#2450 = DIRECTION ( 'NONE',  ( 1.000000000000000000, 0.000000000000000000, -5.687904037542768540E-16 ) ) ;
#2451 = CARTESIAN_POINT ( 'NONE',  ( 49.75000000000000000, 0.000000000000000000, -8.150000000000007461 ) ) ;
#2452 = LINE ( 'NONE', #926, #2642 ) ;
#2453 = DIRECTION ( 'NONE',  ( -1.000000000000000000, 0.000000000000000000, 4.625929269271485914E-16 ) ) ;
#2454 = EDGE_LOOP ( 'NONE', ( #52, #806, #1259, #1801 ) ) ;
#2455 = ORIENTED_EDGE ( 'NONE', *, *, #2813, .T. ) ;
#2456 = DIRECTION ( 'NONE',  ( 0.000000000000000000, 0.000000000000000000, -1.000000000000000000 ) ) ;
#2457 = FACE_OUTER_BOUND ( 'NONE', #2431, .T. ) ;
#2458 = VERTEX_POINT ( 'NONE', #493 ) ;
#2459 = PLANE ( 'NONE',  #2555 ) ;
#2460 = VECTOR ( 'NONE', #1978, 1000.000000000000000 ) ;
#2461 = ORIENTED_EDGE ( 'NONE', *, *, #922, .F. ) ;
#2462 = DIRECTION ( 'NONE',  ( 0.000000000000000000, 1.000000000000000000, -0.000000000000000000 ) ) ;
#2463 = EDGE_CURVE ( 'NONE', #329, #2622, #2221, .T. ) ;
#2464 = DIRECTION ( 'NONE',  ( 4.625929269271487886E-16, 0.000000000000000000, 1.000000000000000000 ) ) ;
#2465 = CARTESIAN_POINT ( 'NONE',  ( 0.000000000000000000, 8.000000000000000000, -28.00000000000000711 ) ) ;
#2466 = CARTESIAN_POINT ( 'NONE',  ( 49.75000000000000000, 0.000000000000000000, -24.85000000000000142 ) ) ;
#2467 = CARTESIAN_POINT ( 'NONE',  ( 60.50000000000001421, 13.00000000000000178, -5.000000000000005329 ) ) ;
#2468 = ORIENTED_EDGE ( 'NONE', *, *, #45, .T. ) ;
#2469 = VECTOR ( 'NONE', #851, 1000.000000000000000 ) ;
#2470 = CARTESIAN_POINT ( 'NONE',  ( 0.000000000000000000, 13.00000000000000178, -33.00000000000000000 ) ) ;
#2471 = FACE_OUTER_BOUND ( 'NONE', #2391, .T. ) ;
#2472 = ORIENTED_EDGE ( 'NONE', *, *, #148, .T. ) ;
#2473 = DIRECTION ( 'NONE',  ( -1.000000000000000000, -9.860761315262647568E-32, 4.625929269271486900E-16 ) ) ;
#2474 = ORIENTED_EDGE ( 'NONE', *, *, #449, .F. ) ;
#2475 = CARTESIAN_POINT ( 'NONE',  ( 60.00000000000000711, -6.999999999999999112, -0.2072594216370071685 ) ) ;
#2476 = LINE ( 'NONE', #2220, #1422 ) ;
#2477 = FACE_OUTER_BOUND ( 'NONE', #1924, .T. ) ;
#2478 = CARTESIAN_POINT ( 'NONE',  ( 4.000000000000026645, 0.000000000000000000, 0.000000000000000000 ) ) ;
#2479 = EDGE_CURVE ( 'NONE', #958, #699, #1112, .T. ) ;
#2480 = VECTOR ( 'NONE', #2634, 1000.000000000000000 ) ;
#2481 = ORIENTED_EDGE ( 'NONE', *, *, #1397, .F. ) ;
#2482 = DIRECTION ( 'NONE',  ( 0.000000000000000000, 1.000000000000000000, -0.000000000000000000 ) ) ;
#2483 = LINE ( 'NONE', #484, #2311 ) ;
#2484 = AXIS2_PLACEMENT_3D ( 'NONE', #574, #381, #167 ) ;
#2485 = ADVANCED_FACE ( 'NONE', ( #462 ), #1765, .T. ) ;
#2486 = ORIENTED_EDGE ( 'NONE', *, *, #2631, .T. ) ;
#2487 = LINE ( 'NONE', #1644, #2369 ) ;
#2488 = VERTEX_POINT ( 'NONE', #965 ) ;
#2489 = DIRECTION ( 'NONE',  ( -6.424901762877063495E-17, 0.000000000000000000, -1.000000000000000000 ) ) ;
#2490 = CARTESIAN_POINT ( 'NONE',  ( 49.80000000000002558, 5.000000000000000000, -33.24999999999999289 ) ) ;
#2491 = LINE ( 'NONE', #291, #19 ) ;
#2492 = CARTESIAN_POINT ( 'NONE',  ( 8.500000000000007105, 13.00000000000000178, 0.000000000000000000 ) ) ;
#2493 = CARTESIAN_POINT ( 'NONE',  ( 8.999999999999996447, -33.32828037204370020, -8.479695951460824332 ) ) ;
#2494 = LINE ( 'NONE', #2527, #2614 ) ;
#2495 = EDGE_LOOP ( 'NONE', ( #898, #948, #673, #342, #6, #2588, #1074, #2486, #1503, #2528, #1528, #962, #1508, #136 ) ) ;
#2496 = CIRCLE ( 'NONE', #597, 4.000000000000000000 ) ;
#2497 = ORIENTED_EDGE ( 'NONE', *, *, #1223, .F. ) ;
#2498 = LINE ( 'NONE', #1831, #1775 ) ;
#2499 = EDGE_CURVE ( 'NONE', #469, #1195, #1666, .T. ) ;
#2500 = CARTESIAN_POINT ( 'NONE',  ( -1.131708897616460526E-14, -24.46446609406724804, -24.46446609406733685 ) ) ;
#2501 = CARTESIAN_POINT ( 'NONE',  ( 39.75000000000000711, 5.000000000000000000, -6.750000000000002665 ) ) ;
#2502 = VERTEX_POINT ( 'NONE', #1841 ) ;
#2503 = CARTESIAN_POINT ( 'NONE',  ( 58.50000000000000000, 8.000000000000000000, -3.000000000000005329 ) ) ;
#2504 = VERTEX_POINT ( 'NONE', #319 ) ;
#2505 = CARTESIAN_POINT ( 'NONE',  ( 8.999999999999987566, -24.46446609406724804, -24.46446609406734041 ) ) ;
#2506 = AXIS2_PLACEMENT_3D ( 'NONE', #2051, #1172, #262 ) ;
#2507 = CARTESIAN_POINT ( 'NONE',  ( 69.00000000000000000, -13.00000000000000711, 3.256842193500795624 ) ) ;
#2508 = CARTESIAN_POINT ( 'NONE',  ( 23.00000000000003553, 13.00000000000000178, -58.00000000000000000 ) ) ;
#2509 = DIRECTION ( 'NONE',  ( 0.000000000000000000, 0.000000000000000000, -1.000000000000000000 ) ) ;
#2510 = CIRCLE ( 'NONE', #748, 4.000000000000003553 ) ;
#2511 = ORIENTED_EDGE ( 'NONE', *, *, #1420, .F. ) ;
#2512 = AXIS2_PLACEMENT_3D ( 'NONE', #502, #2735, #1208 ) ;
#2513 = ORIENTED_EDGE ( 'NONE', *, *, #1252, .T. ) ;
#2514 = CARTESIAN_POINT ( 'NONE',  ( 68.99999999999998579, -7.000000000000003553, -32.27207793864211283 ) ) ;
#2515 = ADVANCED_FACE ( 'NONE', ( #2333 ), #1639, .T. ) ;
#2516 = VECTOR ( 'NONE', #53, 1000.000000000000000 ) ;
#2517 = EDGE_CURVE ( 'NONE', #99, #1146, #1209, .T. ) ;
#2518 = ORIENTED_EDGE ( 'NONE', *, *, #449, .T. ) ;
#2519 = PLANE ( 'NONE',  #2512 ) ;
#2520 = EDGE_CURVE ( 'NONE', #1344, #124, #2142, .T. ) ;
#2521 = EDGE_CURVE ( 'NONE', #1784, #2788, #1997, .T. ) ;
#2522 = ORIENTED_EDGE ( 'NONE', *, *, #1580, .T. ) ;
#2523 = CARTESIAN_POINT ( 'NONE',  ( 39.75000000000000711, 5.000000000000000000, -24.85000000000000142 ) ) ;
#2524 = ADVANCED_FACE ( 'NONE', ( #539, #1622, #1653 ), #1444, .T. ) ;
#2525 = DIRECTION ( 'NONE',  ( 0.000000000000000000, 0.000000000000000000, 1.000000000000000000 ) ) ;
#2526 = DIRECTION ( 'NONE',  ( 0.000000000000000000, 1.000000000000000000, -0.000000000000000000 ) ) ;
#2527 = CARTESIAN_POINT ( 'NONE',  ( -1.856154119295180041E-15, 5.000000000000000000, -5.349999999999986322 ) ) ;
#2528 = ORIENTED_EDGE ( 'NONE', *, *, #2830, .T. ) ;
#2529 = DIRECTION ( 'NONE',  ( -1.000000000000000000, 0.000000000000000000, 3.016910393003145324E-16 ) ) ;
#2530 = AXIS2_PLACEMENT_3D ( 'NONE', #1959, #1272, #178 ) ;
#2531 = LINE ( 'NONE', #1449, #2834 ) ;
#2532 = ORIENTED_EDGE ( 'NONE', *, *, #1267, .F. ) ;
#2533 = VERTEX_POINT ( 'NONE', #1417 ) ;
#2534 = AXIS2_PLACEMENT_3D ( 'NONE', #419, #3, #1780 ) ;
#2535 = LINE ( 'NONE', #273, #886 ) ;
#2536 = ORIENTED_EDGE ( 'NONE', *, *, #354, .F. ) ;
#2537 = DIRECTION ( 'NONE',  ( 1.000000000000000000, 0.000000000000000000, -5.337610695313257301E-16 ) ) ;
#2538 = EDGE_CURVE ( 'NONE', #1389, #1207, #880, .T. ) ;
#2539 = MECHANICAL_CONTEXT ( 'NONE', #2420, 'mechanical' ) ;
#2540 = AXIS2_PLACEMENT_3D ( 'NONE', #737, #1638, #104 ) ;
#2541 = DIRECTION ( 'NONE',  ( 8.673617379884027583E-16, 0.000000000000000000, 1.000000000000000000 ) ) ;
#2542 = CARTESIAN_POINT ( 'NONE',  ( 69.00000000000000000, 5.000000000000000000, -3.682951379766148662E-14 ) ) ;
#2543 = CARTESIAN_POINT ( 'NONE',  ( 9.000000000000000000, -11.00000000000000000, -0.2072594216369227083 ) ) ;
#2544 = VECTOR ( 'NONE', #2133, 1000.000000000000000 ) ;
#2545 = CARTESIAN_POINT ( 'NONE',  ( 39.75000000000000711, 5.000000000000000000, -8.150000000000003908 ) ) ;
#2546 = EDGE_LOOP ( 'NONE', ( #235, #2100, #1130, #2127 ) ) ;
#2547 = ORIENTED_EDGE ( 'NONE', *, *, #2631, .F. ) ;
#2548 = CARTESIAN_POINT ( 'NONE',  ( 23.00000000000003553, 8.000000000000000000, -58.00000000000000000 ) ) ;
#2549 = EDGE_LOOP ( 'NONE', ( #2743, #394, #55, #2069 ) ) ;
#2550 = LINE ( 'NONE', #1473, #1196 ) ;
#2551 = FACE_OUTER_BOUND ( 'NONE', #1995, .T. ) ;
#2552 = CC_DESIGN_PERSON_AND_ORGANIZATION_ASSIGNMENT ( #582, #1470, ( #1836 ) ) ;
#2553 = DIRECTION ( 'NONE',  ( -1.174552353525963794E-16, 0.000000000000000000, -1.000000000000000000 ) ) ;
#2554 = EDGE_CURVE ( 'NONE', #373, #2626, #87, .T. ) ;
#2555 = AXIS2_PLACEMENT_3D ( 'NONE', #2027, #428, #1586 ) ;
#2556 = DIRECTION ( 'NONE',  ( -0.000000000000000000, -1.000000000000000000, -0.000000000000000000 ) ) ;
#2557 = ORIENTED_EDGE ( 'NONE', *, *, #1789, .F. ) ;
#2558 = VERTEX_POINT ( 'NONE', #2508 ) ;
#2559 = CARTESIAN_POINT ( 'NONE',  ( 64.99999999999997158, 5.000000000000000000, -56.00000000000000000 ) ) ;
#2560 = ORIENTED_EDGE ( 'NONE', *, *, #2499, .F. ) ;
#2561 = LINE ( 'NONE', #1334, #1941 ) ;
#2562 = CIRCLE ( 'NONE', #1729, 2.250000000000001776 ) ;
#2563 = CARTESIAN_POINT ( 'NONE',  ( 28.50000000000001066, 5.000000000000000000, -2.999999999999999112 ) ) ;
#2564 = PLANE ( 'NONE',  #722 ) ;
#2565 = DIRECTION ( 'NONE',  ( -0.000000000000000000, -1.000000000000000000, 0.000000000000000000 ) ) ;
#2566 = ORIENTED_EDGE ( 'NONE', *, *, #1912, .T. ) ;
#2567 = PLANE ( 'NONE',  #2484 ) ;
#2568 = EDGE_CURVE ( 'NONE', #2383, #2569, #308, .T. ) ;
#2569 = VERTEX_POINT ( 'NONE', #2105 ) ;
#2570 = DIRECTION ( 'NONE',  ( 4.021955515684827408E-16, -0.7071067811865487940, 0.7071067811865463515 ) ) ;
#2571 = EDGE_CURVE ( 'NONE', #1671, #1960, #510, .T. ) ;
#2572 = EDGE_LOOP ( 'NONE', ( #2801, #637, #173, #2720 ) ) ;
#2573 = CARTESIAN_POINT ( 'NONE',  ( 4.000000000000026645, 13.00000000000000178, 0.000000000000000000 ) ) ;
#2574 = VECTOR ( 'NONE', #1476, 1000.000000000000000 ) ;
#2575 = LOCAL_TIME ( 12, 19, 48.00000000000000000, #857 ) ;
#2576 = ORIENTED_EDGE ( 'NONE', *, *, #24, .T. ) ;
#2577 = DIRECTION ( 'NONE',  ( -3.016910393003144831E-16, 0.000000000000000000, -1.000000000000000000 ) ) ;
#2578 = DIRECTION ( 'NONE',  ( 0.000000000000000000, 1.000000000000000000, -0.000000000000000000 ) ) ;
#2579 = CARTESIAN_POINT ( 'NONE',  ( 68.99999999999998579, -13.82842712474626090, -35.10050506338832577 ) ) ;
#2580 = VERTEX_POINT ( 'NONE', #2291 ) ;
#2581 = CIRCLE ( 'NONE', #824, 4.000000000000003553 ) ;
#2582 = EDGE_CURVE ( 'NONE', #2765, #2299, #2869, .T. ) ;
#2583 = VERTEX_POINT ( 'NONE', #1500 ) ;
#2584 = ADVANCED_FACE ( 'NONE', ( #1306 ), #1715, .F. ) ;
#2585 = CARTESIAN_POINT ( 'NONE',  ( 49.75000000000000000, 5.000000000000000000, -26.25000000000000355 ) ) ;
#2586 = LINE ( 'NONE', #372, #1527 ) ;
#2587 = VERTEX_POINT ( 'NONE', #1483 ) ;
#2588 = ORIENTED_EDGE ( 'NONE', *, *, #1717, .T. ) ;
#2589 = LINE ( 'NONE', #1013, #2667 ) ;
#2590 = DIRECTION ( 'NONE',  ( 5.687904037542768540E-16, 0.000000000000000000, 1.000000000000000000 ) ) ;
#2591 = LINE ( 'NONE', #1494, #2353 ) ;
#2592 = CARTESIAN_POINT ( 'NONE',  ( -6.838280848045859769E-30, -6.999999999999999112, 3.787036663063523785E-16 ) ) ;
#2593 = ORIENTED_EDGE ( 'NONE', *, *, #1238, .T. ) ;
#2594 = VECTOR ( 'NONE', #1202, 1000.000000000000000 ) ;
#2595 = ORIENTED_EDGE ( 'NONE', *, *, #2076, .F. ) ;
#2596 = CARTESIAN_POINT ( 'NONE',  ( 64.00000000000000000, 13.00000000000000178, -58.00000000000000000 ) ) ;
#2597 = VECTOR ( 'NONE', #2570, 1000.000000000000000 ) ;
#2598 = ORIENTED_EDGE ( 'NONE', *, *, #2098, .T. ) ;
#2599 = FACE_OUTER_BOUND ( 'NONE', #402, .T. ) ;
#2600 = EDGE_CURVE ( 'NONE', #1712, #1177, #2426, .T. ) ;
#2601 = ADVANCED_FACE ( 'NONE', ( #1052 ), #1954, .T. ) ;
#2602 = VERTEX_POINT ( 'NONE', #155 ) ;
#2603 = DIRECTION ( 'NONE',  ( 1.000000000000000000, -0.000000000000000000, 0.000000000000000000 ) ) ;
#2604 = AXIS2_PLACEMENT_3D ( 'NONE', #2087, #2104, #2768 ) ;
#2605 = EDGE_CURVE ( 'NONE', #787, #1050, #870, .T. ) ;
#2606 = DIRECTION ( 'NONE',  ( -1.000000000000000000, 0.000000000000000000, 4.625929269271485914E-16 ) ) ;
#2607 = LINE ( 'NONE', #1814, #12 ) ;
#2608 = VERTEX_POINT ( 'NONE', #385 ) ;
#2609 = FACE_OUTER_BOUND ( 'NONE', #867, .T. ) ;
#2610 = EDGE_LOOP ( 'NONE', ( #2595, #879, #1407, #1235 ) ) ;
#2611 = DIRECTION ( 'NONE',  ( -1.000000000000000000, 0.000000000000000000, 3.469446951953616654E-16 ) ) ;
#2612 = CARTESIAN_POINT ( 'NONE',  ( 21.00000000000001776, 8.000000000000000000, -55.99999999999998579 ) ) ;
#2613 = ORIENTED_EDGE ( 'NONE', *, *, #689, .T. ) ;
#2614 = VECTOR ( 'NONE', #1418, 1000.000000000000000 ) ;
#2615 = EDGE_LOOP ( 'NONE', ( #471, #1534, #852, #1363 ) ) ;
#2616 = DIRECTION ( 'NONE',  ( 3.774260717989853817E-16, 0.7071067811865464625, 0.7071067811865486830 ) ) ;
#2617 = EDGE_CURVE ( 'NONE', #1982, #1284, #1964, .T. ) ;
#2618 = AXIS2_PLACEMENT_3D ( 'NONE', #569, #1204, #784 ) ;
#2619 = LINE ( 'NONE', #405, #2215 ) ;
#2620 = CARTESIAN_POINT ( 'NONE',  ( 69.00000000000000000, -6.999999999999999112, -0.2072594216370119424 ) ) ;
#2621 = CARTESIAN_POINT ( 'NONE',  ( 60.00000000000000711, -33.32828037204368599, -8.479695951460845649 ) ) ;
#2622 = VERTEX_POINT ( 'NONE', #1281 ) ;
#2623 = ORIENTED_EDGE ( 'NONE', *, *, #1703, .F. ) ;
#2624 = PLANE ( 'NONE',  #1175 ) ;
#2625 = LINE ( 'NONE', #635, #2119 ) ;
#2626 = VERTEX_POINT ( 'NONE', #2612 ) ;
#2627 = VECTOR ( 'NONE', #1314, 1000.000000000000000 ) ;
#2628 = ORIENTED_EDGE ( 'NONE', *, *, #2269, .T. ) ;
#2629 = LINE ( 'NONE', #2858, #2270 ) ;
#2630 = EDGE_CURVE ( 'NONE', #99, #2737, #2586, .T. ) ;
#2631 = EDGE_CURVE ( 'NONE', #2790, #329, #2817, .T. ) ;
#2632 = DIRECTION ( 'NONE',  ( 0.000000000000000000, -0.000000000000000000, -1.000000000000000000 ) ) ;
#2633 = DIRECTION ( 'NONE',  ( 0.000000000000000000, 0.000000000000000000, -1.000000000000000000 ) ) ;
#2634 = DIRECTION ( 'NONE',  ( -0.000000000000000000, -1.000000000000000000, -0.000000000000000000 ) ) ;
#2635 = ORIENTED_EDGE ( 'NONE', *, *, #1554, .T. ) ;
#2636 = AXIS2_PLACEMENT_3D ( 'NONE', #1269, #161, #1057 ) ;
#2637 = EDGE_CURVE ( 'NONE', #2381, #2141, #400, .T. ) ;
#2638 = EDGE_CURVE ( 'NONE', #1852, #1440, #1263, .T. ) ;
#2639 = ORIENTED_EDGE ( 'NONE', *, *, #397, .T. ) ;
#2640 = DIRECTION ( 'NONE',  ( -0.000000000000000000, -1.000000000000000000, -0.000000000000000000 ) ) ;
#2641 = VECTOR ( 'NONE', #2213, 1000.000000000000000 ) ;
#2642 = VECTOR ( 'NONE', #16, 1000.000000000000000 ) ;
#2643 = CARTESIAN_POINT ( 'NONE',  ( 9.000000000000001776, -13.00000000000000888, 3.256842193500822269 ) ) ;
#2644 = EDGE_LOOP ( 'NONE', ( #1588, #943, #929, #1457 ) ) ;
#2645 = FACE_OUTER_BOUND ( 'NONE', #157, .T. ) ;
#2646 = ORIENTED_EDGE ( 'NONE', *, *, #521, .F. ) ;
#2647 = PLANE ( 'NONE',  #2264 ) ;
#2648 = AXIS2_PLACEMENT_3D ( 'NONE', #930, #1817, #1596 ) ;
#2649 = CARTESIAN_POINT ( 'NONE',  ( 0.000000000000000000, 5.000000000000000000, -24.85000000000000142 ) ) ;
#2650 = DIRECTION ( 'NONE',  ( 0.000000000000000000, 0.000000000000000000, -1.000000000000000000 ) ) ;
#2651 = DIRECTION ( 'NONE',  ( 0.000000000000000000, 0.000000000000000000, 1.000000000000000000 ) ) ;
#2652 = ORIENTED_EDGE ( 'NONE', *, *, #850, .T. ) ;
#2653 = ORIENTED_EDGE ( 'NONE', *, *, #2816, .T. ) ;
#2654 = CARTESIAN_POINT ( 'NONE',  ( 49.80000000000001847, 8.000000000000000000, -56.75000000000000711 ) ) ;
#2655 = EDGE_CURVE ( 'NONE', #1411, #398, #844, .T. ) ;
#2656 = VECTOR ( 'NONE', #252, 1000.000000000000000 ) ;
#2657 = CARTESIAN_POINT ( 'NONE',  ( 59.99999999999999289, -27.99999999999997158, -28.00000000000010303 ) ) ;
#2658 = VERTEX_POINT ( 'NONE', #624 ) ;
#2659 = CARTESIAN_POINT ( 'NONE',  ( 12.40000000000000746, 5.000000000000000000, -16.50000000000000355 ) ) ;
#2660 = EDGE_CURVE ( 'NONE', #1168, #241, #1626, .T. ) ;
#2661 = AXIS2_PLACEMENT_3D ( 'NONE', #590, #629, #165 ) ;
#2662 = ORIENTED_EDGE ( 'NONE', *, *, #1608, .T. ) ;
#2663 = LINE ( 'NONE', #1736, #498 ) ;
#2664 = CARTESIAN_POINT ( 'NONE',  ( 58.49999999999999289, 13.00000000000000178, -30.00000000000000711 ) ) ;
#2665 = CARTESIAN_POINT ( 'NONE',  ( 12.40000000000000746, 8.000000000000000000, -17.90000000000000213 ) ) ;
#2666 = LINE ( 'NONE', #2019, #1550 ) ;
#2667 = VECTOR ( 'NONE', #332, 1000.000000000000000 ) ;
#2668 = VERTEX_POINT ( 'NONE', #1745 ) ;
#2669 = LINE ( 'NONE', #2864, #2208 ) ;
#2670 = CC_DESIGN_APPROVAL ( #1950, ( #2762 ) ) ;
#2671 = EDGE_LOOP ( 'NONE', ( #828, #110 ) ) ;
#2672 = LINE ( 'NONE', #1147, #146 ) ;
#2673 = VECTOR ( 'NONE', #1128, 999.9999999999998863 ) ;
#2674 = DIRECTION ( 'NONE',  ( 0.000000000000000000, 0.000000000000000000, -1.000000000000000000 ) ) ;
#2675 = EDGE_CURVE ( 'NONE', #1942, #2111, #2625, .T. ) ;
#2676 = ORIENTED_EDGE ( 'NONE', *, *, #1845, .T. ) ;
#2677 = CARTESIAN_POINT ( 'NONE',  ( 8.999999999999987566, -27.99999999999998579, -28.00000000000008882 ) ) ;
#2678 = AXIS2_PLACEMENT_3D ( 'NONE', #1597, #945, #2870 ) ;
#2679 = VERTEX_POINT ( 'NONE', #2643 ) ;
#2680 = CARTESIAN_POINT ( 'NONE',  ( 0.000000000000000000, 8.000000000000000000, -33.00000000000000000 ) ) ;
#2681 = LINE ( 'NONE', #1576, #1388 ) ;
#2682 = DIRECTION ( 'NONE',  ( 0.000000000000000000, 1.000000000000000000, -0.000000000000000000 ) ) ;
#2683 = EDGE_LOOP ( 'NONE', ( #2557, #2800, #1025, #2448, #440, #2115, #1642, #1034 ) ) ;
#2684 = ORIENTED_EDGE ( 'NONE', *, *, #863, .F. ) ;
#2685 = EDGE_LOOP ( 'NONE', ( #2201, #1126 ) ) ;
#2686 = CARTESIAN_POINT ( 'NONE',  ( 39.75000000000000711, 0.000000000000000000, -24.85000000000000142 ) ) ;
#2687 = DIRECTION ( 'NONE',  ( 4.021955515684828887E-16, -0.7071067811865486830, 0.7071067811865464625 ) ) ;
#2688 = ORIENTED_EDGE ( 'NONE', *, *, #1794, .T. ) ;
#2689 = CYLINDRICAL_SURFACE ( 'NONE', #791, 1.399999999999998579 ) ;
#2690 = ORIENTED_EDGE ( 'NONE', *, *, #1807, .T. ) ;
#2691 = LINE ( 'NONE', #1648, #1994 ) ;
#2692 = ADVANCED_FACE ( 'NONE', ( #1537 ), #561, .F. ) ;
#2693 = EDGE_CURVE ( 'NONE', #1957, #1140, #1788, .T. ) ;
#2694 = CARTESIAN_POINT ( 'NONE',  ( 28.50000000000001066, 13.00000000000000178, 0.000000000000000000 ) ) ;
#2695 = CARTESIAN_POINT ( 'NONE',  ( -3.922263673155734797E-15, -33.32828037204368599, -8.479695951460815451 ) ) ;
#2696 = DIRECTION ( 'NONE',  ( -1.000000000000000000, 0.000000000000000000, 4.625929269271485914E-16 ) ) ;
#2697 = ADVANCED_FACE ( 'NONE', ( #729, #547 ), #1221, .T. ) ;
#2698 = CARTESIAN_POINT ( 'NONE',  ( 12.40000000000000746, 8.000000000000000000, -15.10000000000000497 ) ) ;
#2699 = ORIENTED_EDGE ( 'NONE', *, *, #2340, .T. ) ;
#2700 = AXIS2_PLACEMENT_3D ( 'NONE', #89, #1840, #964 ) ;
#2701 = CARTESIAN_POINT ( 'NONE',  ( 64.00000000000001421, 13.00000000000000178, -56.00000000000000000 ) ) ;
#2702 = DIRECTION ( 'NONE',  ( 1.000000000000000000, 0.000000000000000000, -5.687904037542768540E-16 ) ) ;
#2703 = ORIENTED_EDGE ( 'NONE', *, *, #501, .F. ) ;
#2704 = DIRECTION ( 'NONE',  ( 0.000000000000000000, 0.000000000000000000, 1.000000000000000000 ) ) ;
#2705 = EDGE_LOOP ( 'NONE', ( #65, #1830, #683, #2522 ) ) ;
#2706 = DIRECTION ( 'NONE',  ( 0.000000000000000000, 0.000000000000000000, 1.000000000000000000 ) ) ;
#2707 = DATE_AND_TIME ( #1664, #341 ) ;
#2708 = CARTESIAN_POINT ( 'NONE',  ( 69.00000000000000000, 13.00000000000000178, -3.682951379766148662E-14 ) ) ;
#2709 = CARTESIAN_POINT ( 'NONE',  ( -3.523657060577889411E-16, 13.00000000000000178, -2.999999999999998224 ) ) ;
#2710 = EDGE_CURVE ( 'NONE', #2015, #2488, #1612, .T. ) ;
#2711 = DIRECTION ( 'NONE',  ( 1.000000000000000000, 0.000000000000000000, -5.337610695313257301E-16 ) ) ;
#2712 = ORIENTED_EDGE ( 'NONE', *, *, #2521, .F. ) ;
#2713 = AXIS2_PLACEMENT_3D ( 'NONE', #1752, #2682, #190 ) ;
#2714 = ORIENTED_EDGE ( 'NONE', *, *, #919, .F. ) ;
#2715 = CARTESIAN_POINT ( 'NONE',  ( 21.00000000000001776, 13.00000000000000178, 0.000000000000000000 ) ) ;
#2716 = VECTOR ( 'NONE', #363, 1000.000000000000000 ) ;
#2717 = FACE_BOUND ( 'NONE', #2042, .T. ) ;
#2718 = CC_DESIGN_SECURITY_CLASSIFICATION ( #2762, ( #1836 ) ) ;
#2719 = ORIENTED_EDGE ( 'NONE', *, *, #2116, .F. ) ;
#2720 = ORIENTED_EDGE ( 'NONE', *, *, #2272, .T. ) ;
#2721 = DIRECTION ( 'NONE',  ( 0.000000000000000000, 1.000000000000000000, -0.000000000000000000 ) ) ;
#2722 = VECTOR ( 'NONE', #785, 1000.000000000000000 ) ;
#2723 = DIRECTION ( 'NONE',  ( -0.000000000000000000, -1.000000000000000000, -0.000000000000000000 ) ) ;
#2724 = DIRECTION ( 'NONE',  ( -5.337610695313258287E-16, 0.000000000000000000, -1.000000000000000000 ) ) ;
#2725 = DIRECTION ( 'NONE',  ( 1.000000000000000000, 0.000000000000000000, -5.687904037542768540E-16 ) ) ;
#2726 = DIRECTION ( 'NONE',  ( 0.000000000000000000, 1.000000000000000000, -0.000000000000000000 ) ) ;
#2727 = VERTEX_POINT ( 'NONE', #607 ) ;
#2728 = CC_DESIGN_PERSON_AND_ORGANIZATION_ASSIGNMENT ( #2226, #2442, ( #2762 ) ) ;
#2729 = ADVANCED_FACE ( 'NONE', ( #1687, #813 ), #2567, .T. ) ;
#2730 = ORIENTED_EDGE ( 'NONE', *, *, #1375, .T. ) ;
#2731 = LINE ( 'NONE', #1374, #1039 ) ;
#2732 = ADVANCED_FACE ( 'NONE', ( #1275 ), #349, .T. ) ;
#2733 = ADVANCED_FACE ( 'NONE', ( #2609 ), #621, .F. ) ;
#2734 = ORIENTED_EDGE ( 'NONE', *, *, #396, .F. ) ;
#2735 = DIRECTION ( 'NONE',  ( 1.000000000000000000, 0.000000000000000000, 0.000000000000000000 ) ) ;
#2736 = AXIS2_PLACEMENT_3D ( 'NONE', #2875, #244, #417 ) ;
#2737 = VERTEX_POINT ( 'NONE', #1075 ) ;
#2738 = DIRECTION ( 'NONE',  ( -1.000000000000000000, 0.000000000000000000, 4.625929269271485914E-16 ) ) ;
#2739 = AXIS2_PLACEMENT_3D ( 'NONE', #194, #172, #856 ) ;
#2740 = CYLINDRICAL_SURFACE ( 'NONE', #775, 2.000000000000000888 ) ;
#2741 = DIRECTION ( 'NONE',  ( 0.000000000000000000, 0.000000000000000000, -1.000000000000000000 ) ) ;
#2742 = CARTESIAN_POINT ( 'NONE',  ( -5.524348881992546811E-15, -31.32828037204367888, -11.94379756659855651 ) ) ;
#2743 = ORIENTED_EDGE ( 'NONE', *, *, #1065, .F. ) ;
#2744 = CIRCLE ( 'NONE', #1348, 1.400000000000001910 ) ;
#2745 = DIRECTION ( 'NONE',  ( -1.000000000000000000, 0.000000000000000000, -0.000000000000000000 ) ) ;
#2746 = ORIENTED_EDGE ( 'NONE', *, *, #1080, .F. ) ;
#2747 = VECTOR ( 'NONE', #246, 1000.000000000000000 ) ;
#2748 = ORIENTED_EDGE ( 'NONE', *, *, #850, .F. ) ;
#2749 = EDGE_CURVE ( 'NONE', #1322, #2008, #1033, .T. ) ;
#2750 = CARTESIAN_POINT ( 'NONE',  ( 49.80000000000001847, 8.000000000000000000, -53.25000000000000000 ) ) ;
#2751 = ORIENTED_EDGE ( 'NONE', *, *, #847, .F. ) ;
#2752 = CARTESIAN_POINT ( 'NONE',  ( -1.295260195396020907E-14, -27.99999999999998579, -28.00000000000008527 ) ) ;
#2753 = CARTESIAN_POINT ( 'NONE',  ( 0.000000000000000000, 0.000000000000000000, 0.000000000000000000 ) ) ;
#2754 = DIRECTION ( 'NONE',  ( -0.000000000000000000, -1.000000000000000000, -0.000000000000000000 ) ) ;
#2755 = DIRECTION ( 'NONE',  ( -1.000000000000000000, 0.000000000000000000, 1.174552353525963794E-16 ) ) ;
#2756 = CARTESIAN_POINT ( 'NONE',  ( 69.00000000000000000, -31.32828037204367888, -11.94379756659859382 ) ) ;
#2757 = DIRECTION ( 'NONE',  ( -0.000000000000000000, -1.000000000000000000, -0.000000000000000000 ) ) ;
#2758 = AXIS2_PLACEMENT_3D ( 'NONE', #406, #1919, #378 ) ;
#2759 = ORIENTED_EDGE ( 'NONE', *, *, #1789, .T. ) ;
#2760 = VERTEX_POINT ( 'NONE', #1783 ) ;
#2761 = CARTESIAN_POINT ( 'NONE',  ( 39.75000000000000711, 5.000000000000000000, -27.65000000000000568 ) ) ;
#2762 = SECURITY_CLASSIFICATION ( '', '', #139 ) ;
#2763 = EDGE_CURVE ( 'NONE', #1951, #46, #1651, .T. ) ;
#2764 = EDGE_CURVE ( 'NONE', #2013, #1423, #36, .T. ) ;
#2765 = VERTEX_POINT ( 'NONE', #2419 ) ;
#2766 = DIRECTION ( 'NONE',  ( 4.336808689942017736E-16, 0.000000000000000000, 1.000000000000000000 ) ) ;
#2767 = APPROVAL_ROLE ( '' ) ;
#2768 = DIRECTION ( 'NONE',  ( 0.000000000000000000, 0.000000000000000000, -1.000000000000000000 ) ) ;
#2769 = CARTESIAN_POINT ( 'NONE',  ( 55.64999999999999147, 5.000000000000000000, -0.000000000000000000 ) ) ;
#2770 = DIRECTION ( 'NONE',  ( 0.000000000000000000, 0.000000000000000000, 1.000000000000000000 ) ) ;
#2771 = CARTESIAN_POINT ( 'NONE',  ( 40.50000000000000711, 13.00000000000000178, 0.000000000000000000 ) ) ;
#2772 = AXIS2_PLACEMENT_3D ( 'NONE', #985, #2140, #1683 ) ;
#2773 = ORIENTED_EDGE ( 'NONE', *, *, #766, .T. ) ;
#2774 = ORIENTED_EDGE ( 'NONE', *, *, #1862, .T. ) ;
#2775 = DIRECTION ( 'NONE',  ( -0.000000000000000000, -1.000000000000000000, -0.000000000000000000 ) ) ;
#2776 = CALENDAR_DATE ( 2025, 24, 4 ) ;
#2777 = PRODUCT ( '\X2\7efc54088bfe8bbe\X0\ ult pir\X2\652f67b6\X0\', '\X2\7efc54088bfe8bbe\X0\ ult pir\X2\652f67b6\X0\', '', ( #2539 ) ) ;
#2778 = EDGE_LOOP ( 'NONE', ( #435, #2222, #1332, #740 ) ) ;
#2779 = CARTESIAN_POINT ( 'NONE',  ( 12.40000000000000924, 8.000000000000000000, -30.00000000000000355 ) ) ;
#2780 = VECTOR ( 'NONE', #1543, 1000.000000000000000 ) ;
#2781 = CARTESIAN_POINT ( 'NONE',  ( 4.000000000000026645, 5.000000000000000000, 0.000000000000000000 ) ) ;
#2782 = AXIS2_PLACEMENT_3D ( 'NONE', #2200, #1774, #1124 ) ;
#2783 = DIRECTION ( 'NONE',  ( 0.000000000000000000, 0.000000000000000000, -1.000000000000000000 ) ) ;
#2784 = EDGE_CURVE ( 'NONE', #2248, #1083, #2669, .T. ) ;
#2785 = LINE ( 'NONE', #1060, #1782 ) ;
#2786 = EDGE_LOOP ( 'NONE', ( #866, #1890, #2354, #1424 ) ) ;
#2787 = EDGE_CURVE ( 'NONE', #398, #2765, #681, .T. ) ;
#2788 = VERTEX_POINT ( 'NONE', #2490 ) ;
#2789 = DIRECTION ( 'NONE',  ( 0.000000000000000000, 0.000000000000000000, 1.000000000000000000 ) ) ;
#2790 = VERTEX_POINT ( 'NONE', #489 ) ;
#2791 = CARTESIAN_POINT ( 'NONE',  ( 8.999999999999984013, -11.00000000000000355, -32.27207793864217678 ) ) ;
#2792 = ORIENTED_EDGE ( 'NONE', *, *, #298, .T. ) ;
#2793 = CYLINDRICAL_SURFACE ( 'NONE', #1696, 2.000000000000001776 ) ;
#2794 = CARTESIAN_POINT ( 'NONE',  ( 49.80000000000002558, 8.000000000000000000, -37.75000000000000000 ) ) ;
#2795 = VECTOR ( 'NONE', #2640, 1000.000000000000000 ) ;
#2796 = ADVANCED_FACE ( 'NONE', ( #789 ), #1456, .T. ) ;
#2797 = DIRECTION ( 'NONE',  ( 4.625929269271486900E-16, 0.000000000000000000, 1.000000000000000000 ) ) ;
#2798 = CARTESIAN_POINT ( 'NONE',  ( 49.75000000000000000, 5.000000000000000000, -6.750000000000006217 ) ) ;
#2799 = DIRECTION ( 'NONE',  ( 0.000000000000000000, 1.000000000000000000, -0.000000000000000000 ) ) ;
#2800 = ORIENTED_EDGE ( 'NONE', *, *, #632, .F. ) ;
#2801 = ORIENTED_EDGE ( 'NONE', *, *, #30, .F. ) ;
#2802 = PLANE ( 'NONE',  #367 ) ;
#2803 = DIRECTION ( 'NONE',  ( 2.843952018771389694E-16, 0.8660254037844380415, 0.5000000000000009992 ) ) ;
#2804 = VECTOR ( 'NONE', #2052, 1000.000000000000000 ) ;
#2805 = ORIENTED_EDGE ( 'NONE', *, *, #1191, .T. ) ;
#2806 = AXIS2_PLACEMENT_3D ( 'NONE', #1800, #1989, #1581 ) ;
#2807 = ORIENTED_EDGE ( 'NONE', *, *, #2617, .T. ) ;
#2808 = DIRECTION ( 'NONE',  ( 0.000000000000000000, 0.000000000000000000, 1.000000000000000000 ) ) ;
#2809 = DIRECTION ( 'NONE',  ( 0.000000000000000000, 1.000000000000000000, -0.000000000000000000 ) ) ;
#2810 = VECTOR ( 'NONE', #2203, 1000.000000000000114 ) ;
#2811 = CARTESIAN_POINT ( 'NONE',  ( 69.00000000000001421, -2.000000000000000444, 18.53589838486220387 ) ) ;
#2812 = ORIENTED_EDGE ( 'NONE', *, *, #30, .T. ) ;
#2813 = EDGE_CURVE ( 'NONE', #2299, #2737, #581, .T. ) ;
#2814 = ORIENTED_EDGE ( 'NONE', *, *, #445, .F. ) ;
#2815 = LINE ( 'NONE', #1237, #1630 ) ;
#2816 = EDGE_CURVE ( 'NONE', #272, #2361, #159, .T. ) ;
#2817 = LINE ( 'NONE', #2176, #408 ) ;
#2818 = ORIENTED_EDGE ( 'NONE', *, *, #1608, .F. ) ;
#2819 = PLANE ( 'NONE',  #917 ) ;
#2820 = ORIENTED_EDGE ( 'NONE', *, *, #1897, .T. ) ;
#2821 = DIRECTION ( 'NONE',  ( -0.000000000000000000, -1.000000000000000000, -0.000000000000000000 ) ) ;
#2822 = CARTESIAN_POINT ( 'NONE',  ( 68.99999999999997158, 13.00000000000000178, -55.99999999999997158 ) ) ;
#2823 = DIRECTION ( 'NONE',  ( 0.000000000000000000, 1.000000000000000000, -0.000000000000000000 ) ) ;
#2824 = ORIENTED_EDGE ( 'NONE', *, *, #1573, .T. ) ;
#2825 = DIRECTION ( 'NONE',  ( 4.006172263299088942E-16, -0.5000000000000008882, 0.8660254037844382635 ) ) ;
#2826 = AXIS2_PLACEMENT_3D ( 'NONE', #1545, #720, #218 ) ;
#2827 = ORIENTED_EDGE ( 'NONE', *, *, #761, .F. ) ;
#2828 = CARTESIAN_POINT ( 'NONE',  ( 55.64999999999999147, 8.000000000000000000, -5.000000000000000888 ) ) ;
#2829 = CARTESIAN_POINT ( 'NONE',  ( 8.999999999999984013, -7.000000000000000888, -32.27207793864208440 ) ) ;
#2830 = EDGE_CURVE ( 'NONE', #2622, #972, #245, .T. ) ;
#2831 = ORIENTED_EDGE ( 'NONE', *, *, #2339, .F. ) ;
#2832 = ORIENTED_EDGE ( 'NONE', *, *, #2286, .T. ) ;
#2833 = CARTESIAN_POINT ( 'NONE',  ( -4.336808689942020891E-15, 5.000000000000000000, -30.00000000000000000 ) ) ;
#2834 = VECTOR ( 'NONE', #2313, 1000.000000000000000 ) ;
#2835 = DIRECTION ( 'NONE',  ( -0.000000000000000000, -1.000000000000000000, -0.000000000000000000 ) ) ;
#2836 = CARTESIAN_POINT ( 'NONE',  ( 0.000000000000000000, 0.000000000000000000, 0.000000000000000000 ) ) ;
#2837 = ORIENTED_EDGE ( 'NONE', *, *, #942, .F. ) ;
#2838 = ORIENTED_EDGE ( 'NONE', *, *, #360, .T. ) ;
#2839 = LINE ( 'NONE', #2382, #2146 ) ;
#2840 = DIRECTION ( 'NONE',  ( 0.000000000000000000, 0.000000000000000000, 1.000000000000000000 ) ) ;
#2841 = ORIENTED_EDGE ( 'NONE', *, *, #2763, .T. ) ;
#2842 = EDGE_CURVE ( 'NONE', #2587, #595, #2847, .T. ) ;
#2843 = CIRCLE ( 'NONE', #109, 3.999999999999996447 ) ;
#2844 = EDGE_LOOP ( 'NONE', ( #2022, #2292, #2370, #1241, #2096, #560, #2734, #128, #1107, #2190, #1030 ) ) ;
#2845 = VECTOR ( 'NONE', #2590, 1000.000000000000000 ) ;
#2846 = EDGE_CURVE ( 'NONE', #374, #1647, #1825, .T. ) ;
#2847 = CIRCLE ( 'NONE', #818, 1.999999999999998224 ) ;
#2848 = CARTESIAN_POINT ( 'NONE',  ( 12.40000000000000746, 5.000000000000000000, -15.10000000000000497 ) ) ;
#2849 = CARTESIAN_POINT ( 'NONE',  ( 12.40000000000000746, 5.000000000000000000, -16.50000000000000355 ) ) ;
#2850 = ORIENTED_EDGE ( 'NONE', *, *, #1704, .T. ) ;
#2851 = ORIENTED_EDGE ( 'NONE', *, *, #726, .F. ) ;
#2852 = CYLINDRICAL_SURFACE ( 'NONE', #897, 4.000000000000000000 ) ;
#2853 = DIRECTION ( 'NONE',  ( 1.000000000000000000, -0.000000000000000000, 0.000000000000000000 ) ) ;
#2854 = ORIENTED_EDGE ( 'NONE', *, *, #2357, .F. ) ;
#2855 = CYLINDRICAL_SURFACE ( 'NONE', #1294, 2.000000000000001776 ) ;
#2856 = VECTOR ( 'NONE', #2086, 1000.000000000000000 ) ;
#2857 = ORIENTED_EDGE ( 'NONE', *, *, #2538, .T. ) ;
#2858 = CARTESIAN_POINT ( 'NONE',  ( 12.40000000000000924, 5.000000000000000000, -7.966878185967565045E-16 ) ) ;
#2859 = DIRECTION ( 'NONE',  ( -0.000000000000000000, -1.000000000000000000, -0.000000000000000000 ) ) ;
#2860 = FACE_OUTER_BOUND ( 'NONE', #2572, .T. ) ;
#2861 = EDGE_CURVE ( 'NONE', #1104, #208, #553, .T. ) ;
#2862 = DIRECTION ( 'NONE',  ( -1.000000000000000000, 0.000000000000000000, 0.000000000000000000 ) ) ;
#2863 = ORIENTED_EDGE ( 'NONE', *, *, #1435, .F. ) ;
#2864 = CARTESIAN_POINT ( 'NONE',  ( 69.00000000000000000, -4.660254037844397956, 8.071796769724445042 ) ) ;
#2865 = AXIS2_PLACEMENT_3D ( 'NONE', #750, #2721, #259 ) ;
#2866 = EDGE_CURVE ( 'NONE', #958, #1671, #2491, .T. ) ;
#2867 = ORIENTED_EDGE ( 'NONE', *, *, #44, .F. ) ;
#2868 = FACE_OUTER_BOUND ( 'NONE', #896, .T. ) ;
#2869 = CIRCLE ( 'NONE', #2091, 2.000000000000001776 ) ;
#2870 = DIRECTION ( 'NONE',  ( 0.000000000000000000, 0.000000000000000000, -1.000000000000000000 ) ) ;
#2871 = AXIS2_PLACEMENT_3D ( 'NONE', #968, #2310, #35 ) ;
#2872 = EDGE_LOOP ( 'NONE', ( #2365, #842, #2265, #577 ) ) ;
#2873 = DIRECTION ( 'NONE',  ( 0.000000000000000000, 0.7071067811865487940, -0.7071067811865463515 ) ) ;
#2874 = ORIENTED_EDGE ( 'NONE', *, *, #126, .T. ) ;
#2875 = CARTESIAN_POINT ( 'NONE',  ( 0.000000000000000000, 13.00000000000000178, 0.000000000000000000 ) ) ;
#2876 = VECTOR ( 'NONE', #1156, 1000.000000000000000 ) ;
ENDSEC;
END-ISO-10303-21;
